"","Year","State","State.ANSI","Data.Item","Fertilizer","Value"
"1",2023,"CALIFORNIA",6," APPLICATIONS, MEASURED IN LB","NITROGEN",393000
"2",2023,"CALIFORNIA",6," APPLICATIONS, MEASURED IN LB","PHOSPHATE",216000
"3",2023,"CALIFORNIA",6," APPLICATIONS, MEASURED IN LB","POTASH",393000
"4",2023,"CALIFORNIA",6," APPLICATIONS, MEASURED IN LB","SULFUR",NA
"5",2023,"CALIFORNIA",6," APPLICATIONS, MEASURED IN LB / ACRE / APPLICATION, AVG","NITROGEN",13
"6",2023,"CALIFORNIA",6," APPLICATIONS, MEASURED IN LB / ACRE / APPLICATION, AVG","PHOSPHATE",10
"7",2023,"CALIFORNIA",6," APPLICATIONS, MEASURED IN LB / ACRE / APPLICATION, AVG","POTASH",13
"8",2023,"CALIFORNIA",6," APPLICATIONS, MEASURED IN LB / ACRE / APPLICATION, AVG","SULFUR",NA
"9",2023,"CALIFORNIA",6," APPLICATIONS, MEASURED IN LB / ACRE / YEAR, AVG","NITROGEN",165
"10",2023,"CALIFORNIA",6," APPLICATIONS, MEASURED IN LB / ACRE / YEAR, AVG","PHOSPHATE",88
"11",2023,"CALIFORNIA",6," APPLICATIONS, MEASURED IN LB / ACRE / YEAR, AVG","POTASH",141
"12",2023,"CALIFORNIA",6," APPLICATIONS, MEASURED IN LB / ACRE / YEAR, AVG","SULFUR",NA
"13",2023,"CALIFORNIA",6," APPLICATIONS, MEASURED IN NUMBER, AVG","NITROGEN",12.6
"14",2023,"CALIFORNIA",6," APPLICATIONS, MEASURED IN NUMBER, AVG","PHOSPHATE",8.6
"15",2023,"CALIFORNIA",6," APPLICATIONS, MEASURED IN NUMBER, AVG","POTASH",10.5
"16",2023,"CALIFORNIA",6," APPLICATIONS, MEASURED IN NUMBER, AVG","SULFUR",NA
"17",2023,"CALIFORNIA",6," TREATED, MEASURED IN PCT OF AREA BEARING, AVG","NITROGEN",61
"18",2023,"CALIFORNIA",6," TREATED, MEASURED IN PCT OF AREA BEARING, AVG","PHOSPHATE",63
"19",2023,"CALIFORNIA",6," TREATED, MEASURED IN PCT OF AREA BEARING, AVG","POTASH",72
"20",2023,"CALIFORNIA",6," TREATED, MEASURED IN PCT OF AREA BEARING, AVG","SULFUR",NA
"21",2023,"FLORIDA",12," APPLICATIONS, MEASURED IN LB","NITROGEN",283000
"22",2023,"FLORIDA",12," APPLICATIONS, MEASURED IN LB","PHOSPHATE",52000
"23",2023,"FLORIDA",12," APPLICATIONS, MEASURED IN LB","POTASH",538000
"24",2023,"FLORIDA",12," APPLICATIONS, MEASURED IN LB","SULFUR",NA
"25",2023,"FLORIDA",12," APPLICATIONS, MEASURED IN LB / ACRE / APPLICATION, AVG","NITROGEN",12
"26",2023,"FLORIDA",12," APPLICATIONS, MEASURED IN LB / ACRE / APPLICATION, AVG","PHOSPHATE",4
"27",2023,"FLORIDA",12," APPLICATIONS, MEASURED IN LB / ACRE / APPLICATION, AVG","POTASH",22
"28",2023,"FLORIDA",12," APPLICATIONS, MEASURED IN LB / ACRE / APPLICATION, AVG","SULFUR",NA
"29",2023,"FLORIDA",12," APPLICATIONS, MEASURED IN LB / ACRE / YEAR, AVG","NITROGEN",43
"30",2023,"FLORIDA",12," APPLICATIONS, MEASURED IN LB / ACRE / YEAR, AVG","PHOSPHATE",29
"31",2023,"FLORIDA",12," APPLICATIONS, MEASURED IN LB / ACRE / YEAR, AVG","POTASH",79
"32",2023,"FLORIDA",12," APPLICATIONS, MEASURED IN LB / ACRE / YEAR, AVG","SULFUR",NA
"33",2023,"FLORIDA",12," APPLICATIONS, MEASURED IN NUMBER, AVG","NITROGEN",3.6
"34",2023,"FLORIDA",12," APPLICATIONS, MEASURED IN NUMBER, AVG","PHOSPHATE",7.6
"35",2023,"FLORIDA",12," APPLICATIONS, MEASURED IN NUMBER, AVG","POTASH",3.6
"36",2023,"FLORIDA",12," APPLICATIONS, MEASURED IN NUMBER, AVG","SULFUR",NA
"37",2023,"FLORIDA",12," TREATED, MEASURED IN PCT OF AREA BEARING, AVG","NITROGEN",56
"38",2023,"FLORIDA",12," TREATED, MEASURED IN PCT OF AREA BEARING, AVG","PHOSPHATE",15
"39",2023,"FLORIDA",12," TREATED, MEASURED IN PCT OF AREA BEARING, AVG","POTASH",57
"40",2023,"FLORIDA",12," TREATED, MEASURED IN PCT OF AREA BEARING, AVG","SULFUR",NA
"41",2019,"CALIFORNIA",6," APPLICATIONS, MEASURED IN LB","NITROGEN",668000
"42",2019,"CALIFORNIA",6," APPLICATIONS, MEASURED IN LB","PHOSPHATE",493000
"43",2019,"CALIFORNIA",6," APPLICATIONS, MEASURED IN LB","POTASH",430000
"44",2019,"CALIFORNIA",6," APPLICATIONS, MEASURED IN LB","SULFUR",57000
"45",2019,"CALIFORNIA",6," APPLICATIONS, MEASURED IN LB / ACRE / APPLICATION, AVG","NITROGEN",6
"46",2019,"CALIFORNIA",6," APPLICATIONS, MEASURED IN LB / ACRE / APPLICATION, AVG","PHOSPHATE",8
"47",2019,"CALIFORNIA",6," APPLICATIONS, MEASURED IN LB / ACRE / APPLICATION, AVG","POTASH",5
"48",2019,"CALIFORNIA",6," APPLICATIONS, MEASURED IN LB / ACRE / APPLICATION, AVG","SULFUR",2
"49",2019,"CALIFORNIA",6," APPLICATIONS, MEASURED IN LB / ACRE / YEAR, AVG","NITROGEN",58
"50",2019,"CALIFORNIA",6," APPLICATIONS, MEASURED IN LB / ACRE / YEAR, AVG","PHOSPHATE",86
"51",2019,"CALIFORNIA",6," APPLICATIONS, MEASURED IN LB / ACRE / YEAR, AVG","POTASH",75
"52",2019,"CALIFORNIA",6," APPLICATIONS, MEASURED IN LB / ACRE / YEAR, AVG","SULFUR",16
"53",2019,"CALIFORNIA",6," APPLICATIONS, MEASURED IN NUMBER, AVG","NITROGEN",9.9
"54",2019,"CALIFORNIA",6," APPLICATIONS, MEASURED IN NUMBER, AVG","PHOSPHATE",11.3
"55",2019,"CALIFORNIA",6," APPLICATIONS, MEASURED IN NUMBER, AVG","POTASH",14.3
"56",2019,"CALIFORNIA",6," APPLICATIONS, MEASURED IN NUMBER, AVG","SULFUR",8.2
"57",2019,"CALIFORNIA",6," TREATED, MEASURED IN PCT OF AREA BEARING, AVG","NITROGEN",98
"58",2019,"CALIFORNIA",6," TREATED, MEASURED IN PCT OF AREA BEARING, AVG","PHOSPHATE",49
"59",2019,"CALIFORNIA",6," TREATED, MEASURED IN PCT OF AREA BEARING, AVG","POTASH",49
"60",2019,"CALIFORNIA",6," TREATED, MEASURED IN PCT OF AREA BEARING, AVG","SULFUR",30
"61",2019,"FLORIDA",12," APPLICATIONS, MEASURED IN LB","NITROGEN",320000
"62",2019,"FLORIDA",12," APPLICATIONS, MEASURED IN LB","PHOSPHATE",86000
"63",2019,"FLORIDA",12," APPLICATIONS, MEASURED IN LB","POTASH",389000
"64",2019,"FLORIDA",12," APPLICATIONS, MEASURED IN LB","SULFUR",NA
"65",2019,"FLORIDA",12," APPLICATIONS, MEASURED IN LB / ACRE / APPLICATION, AVG","NITROGEN",1
"66",2019,"FLORIDA",12," APPLICATIONS, MEASURED IN LB / ACRE / APPLICATION, AVG","PHOSPHATE",1
"67",2019,"FLORIDA",12," APPLICATIONS, MEASURED IN LB / ACRE / APPLICATION, AVG","POTASH",2
"68",2019,"FLORIDA",12," APPLICATIONS, MEASURED IN LB / ACRE / APPLICATION, AVG","SULFUR",NA
"69",2019,"FLORIDA",12," APPLICATIONS, MEASURED IN LB / ACRE / YEAR, AVG","NITROGEN",39
"70",2019,"FLORIDA",12," APPLICATIONS, MEASURED IN LB / ACRE / YEAR, AVG","PHOSPHATE",17
"71",2019,"FLORIDA",12," APPLICATIONS, MEASURED IN LB / ACRE / YEAR, AVG","POTASH",43
"72",2019,"FLORIDA",12," APPLICATIONS, MEASURED IN LB / ACRE / YEAR, AVG","SULFUR",NA
"73",2019,"FLORIDA",12," APPLICATIONS, MEASURED IN NUMBER, AVG","NITROGEN",28.7
"74",2019,"FLORIDA",12," APPLICATIONS, MEASURED IN NUMBER, AVG","PHOSPHATE",18.6
"75",2019,"FLORIDA",12," APPLICATIONS, MEASURED IN NUMBER, AVG","POTASH",25.2
"76",2019,"FLORIDA",12," APPLICATIONS, MEASURED IN NUMBER, AVG","SULFUR",NA
"77",2019,"FLORIDA",12," TREATED, MEASURED IN PCT OF AREA BEARING, AVG","NITROGEN",83
"78",2019,"FLORIDA",12," TREATED, MEASURED IN PCT OF AREA BEARING, AVG","PHOSPHATE",52
"79",2019,"FLORIDA",12," TREATED, MEASURED IN PCT OF AREA BEARING, AVG","POTASH",91
"80",2019,"FLORIDA",12," TREATED, MEASURED IN PCT OF AREA BEARING, AVG","SULFUR",NA
"81",2018,"CALIFORNIA",6," APPLICATIONS, MEASURED IN LB","NITROGEN",10676000
"82",2018,"CALIFORNIA",6," APPLICATIONS, MEASURED IN LB","PHOSPHATE",5745000
"83",2018,"CALIFORNIA",6," APPLICATIONS, MEASURED IN LB","POTASH",10583000
"84",2018,"CALIFORNIA",6," APPLICATIONS, MEASURED IN LB","SULFUR",2637000
"85",2018,"CALIFORNIA",6," APPLICATIONS, MEASURED IN LB / ACRE / APPLICATION, AVG","NITROGEN",18
"86",2018,"CALIFORNIA",6," APPLICATIONS, MEASURED IN LB / ACRE / APPLICATION, AVG","PHOSPHATE",15
"87",2018,"CALIFORNIA",6," APPLICATIONS, MEASURED IN LB / ACRE / APPLICATION, AVG","POTASH",24
"88",2018,"CALIFORNIA",6," APPLICATIONS, MEASURED IN LB / ACRE / APPLICATION, AVG","SULFUR",9
"89",2018,"CALIFORNIA",6," APPLICATIONS, MEASURED IN LB / ACRE / YEAR, AVG","NITROGEN",307
"90",2018,"CALIFORNIA",6," APPLICATIONS, MEASURED IN LB / ACRE / YEAR, AVG","PHOSPHATE",172
"91",2018,"CALIFORNIA",6," APPLICATIONS, MEASURED IN LB / ACRE / YEAR, AVG","POTASH",315
"92",2018,"CALIFORNIA",6," APPLICATIONS, MEASURED IN LB / ACRE / YEAR, AVG","SULFUR",91
"93",2018,"CALIFORNIA",6," APPLICATIONS, MEASURED IN NUMBER, AVG","NITROGEN",16.9
"94",2018,"CALIFORNIA",6," APPLICATIONS, MEASURED IN NUMBER, AVG","PHOSPHATE",11.8
"95",2018,"CALIFORNIA",6," APPLICATIONS, MEASURED IN NUMBER, AVG","POTASH",13.2
"96",2018,"CALIFORNIA",6," APPLICATIONS, MEASURED IN NUMBER, AVG","SULFUR",10.2
"97",2018,"CALIFORNIA",6," TREATED, MEASURED IN PCT OF AREA BEARING, AVG","NITROGEN",97
"98",2018,"CALIFORNIA",6," TREATED, MEASURED IN PCT OF AREA BEARING, AVG","PHOSPHATE",93
"99",2018,"CALIFORNIA",6," TREATED, MEASURED IN PCT OF AREA BEARING, AVG","POTASH",94
"100",2018,"CALIFORNIA",6," TREATED, MEASURED IN PCT OF AREA BEARING, AVG","SULFUR",81
"101",2018,"FLORIDA",12," APPLICATIONS, MEASURED IN LB","NITROGEN",136000
"102",2018,"FLORIDA",12," APPLICATIONS, MEASURED IN LB","PHOSPHATE",42000
"103",2018,"FLORIDA",12," APPLICATIONS, MEASURED IN LB","POTASH",173000
"104",2018,"FLORIDA",12," APPLICATIONS, MEASURED IN LB / ACRE / APPLICATION, AVG","NITROGEN",1
"105",2018,"FLORIDA",12," APPLICATIONS, MEASURED IN LB / ACRE / APPLICATION, AVG","PHOSPHATE",NA
"106",2018,"FLORIDA",12," APPLICATIONS, MEASURED IN LB / ACRE / APPLICATION, AVG","POTASH",1
"107",2018,"FLORIDA",12," APPLICATIONS, MEASURED IN LB / ACRE / YEAR, AVG","NITROGEN",14
"108",2018,"FLORIDA",12," APPLICATIONS, MEASURED IN LB / ACRE / YEAR, AVG","PHOSPHATE",4
"109",2018,"FLORIDA",12," APPLICATIONS, MEASURED IN LB / ACRE / YEAR, AVG","POTASH",17
"110",2018,"FLORIDA",12," APPLICATIONS, MEASURED IN NUMBER, AVG","NITROGEN",18
"111",2018,"FLORIDA",12," APPLICATIONS, MEASURED IN NUMBER, AVG","PHOSPHATE",17.6
"112",2018,"FLORIDA",12," APPLICATIONS, MEASURED IN NUMBER, AVG","POTASH",18
"113",2018,"FLORIDA",12," TREATED, MEASURED IN PCT OF AREA BEARING, AVG","NITROGEN",100
"114",2018,"FLORIDA",12," TREATED, MEASURED IN PCT OF AREA BEARING, AVG","PHOSPHATE",97
"115",2018,"FLORIDA",12," TREATED, MEASURED IN PCT OF AREA BEARING, AVG","POTASH",100
"116",2014,"CALIFORNIA",6," APPLICATIONS, MEASURED IN LB","NITROGEN",3992000
"117",2014,"CALIFORNIA",6," APPLICATIONS, MEASURED IN LB","PHOSPHATE",1162000
"118",2014,"CALIFORNIA",6," APPLICATIONS, MEASURED IN LB","POTASH",1731000
"119",2014,"CALIFORNIA",6," APPLICATIONS, MEASURED IN LB","SULFUR",539000
"120",2014,"CALIFORNIA",6," APPLICATIONS, MEASURED IN LB / ACRE / APPLICATION, AVG","NITROGEN",2
"121",2014,"CALIFORNIA",6," APPLICATIONS, MEASURED IN LB / ACRE / APPLICATION, AVG","PHOSPHATE",5
"122",2014,"CALIFORNIA",6," APPLICATIONS, MEASURED IN LB / ACRE / APPLICATION, AVG","POTASH",7
"123",2014,"CALIFORNIA",6," APPLICATIONS, MEASURED IN LB / ACRE / APPLICATION, AVG","SULFUR",1
"124",2014,"CALIFORNIA",6," APPLICATIONS, MEASURED IN LB / ACRE / YEAR, AVG","NITROGEN",97
"125",2014,"CALIFORNIA",6," APPLICATIONS, MEASURED IN LB / ACRE / YEAR, AVG","PHOSPHATE",29
"126",2014,"CALIFORNIA",6," APPLICATIONS, MEASURED IN LB / ACRE / YEAR, AVG","POTASH",42
"127",2014,"CALIFORNIA",6," APPLICATIONS, MEASURED IN LB / ACRE / YEAR, AVG","SULFUR",14
"128",2014,"CALIFORNIA",6," APPLICATIONS, MEASURED IN NUMBER, AVG","NITROGEN",43.4
"129",2014,"CALIFORNIA",6," APPLICATIONS, MEASURED IN NUMBER, AVG","PHOSPHATE",5.6
"130",2014,"CALIFORNIA",6," APPLICATIONS, MEASURED IN NUMBER, AVG","POTASH",6.3
"131",2014,"CALIFORNIA",6," APPLICATIONS, MEASURED IN NUMBER, AVG","SULFUR",14.8
"132",2014,"CALIFORNIA",6," TREATED, MEASURED IN PCT OF AREA BEARING, AVG","NITROGEN",99
"133",2014,"CALIFORNIA",6," TREATED, MEASURED IN PCT OF AREA BEARING, AVG","PHOSPHATE",96
"134",2014,"CALIFORNIA",6," TREATED, MEASURED IN PCT OF AREA BEARING, AVG","POTASH",98
"135",2014,"CALIFORNIA",6," TREATED, MEASURED IN PCT OF AREA BEARING, AVG","SULFUR",92
"136",2014,"FLORIDA",12," APPLICATIONS, MEASURED IN LB","NITROGEN",559000
"137",2014,"FLORIDA",12," APPLICATIONS, MEASURED IN LB","PHOSPHATE",793000
"138",2014,"FLORIDA",12," APPLICATIONS, MEASURED IN LB","POTASH",2330000
"139",2014,"FLORIDA",12," APPLICATIONS, MEASURED IN LB","SULFUR",NA
"140",2014,"FLORIDA",12," APPLICATIONS, MEASURED IN LB / ACRE / APPLICATION, AVG","NITROGEN",1
"141",2014,"FLORIDA",12," APPLICATIONS, MEASURED IN LB / ACRE / APPLICATION, AVG","PHOSPHATE",2
"142",2014,"FLORIDA",12," APPLICATIONS, MEASURED IN LB / ACRE / APPLICATION, AVG","POTASH",6
"143",2014,"FLORIDA",12," APPLICATIONS, MEASURED IN LB / ACRE / APPLICATION, AVG","SULFUR",NA
"144",2014,"FLORIDA",12," APPLICATIONS, MEASURED IN LB / ACRE / YEAR, AVG","NITROGEN",60
"145",2014,"FLORIDA",12," APPLICATIONS, MEASURED IN LB / ACRE / YEAR, AVG","PHOSPHATE",84
"146",2014,"FLORIDA",12," APPLICATIONS, MEASURED IN LB / ACRE / YEAR, AVG","POTASH",248
"147",2014,"FLORIDA",12," APPLICATIONS, MEASURED IN LB / ACRE / YEAR, AVG","SULFUR",NA
"148",2014,"FLORIDA",12," APPLICATIONS, MEASURED IN NUMBER, AVG","NITROGEN",49.4
"149",2014,"FLORIDA",12," APPLICATIONS, MEASURED IN NUMBER, AVG","PHOSPHATE",43.2
"150",2014,"FLORIDA",12," APPLICATIONS, MEASURED IN NUMBER, AVG","POTASH",45
"151",2014,"FLORIDA",12," APPLICATIONS, MEASURED IN NUMBER, AVG","SULFUR",NA
"152",2014,"FLORIDA",12," TREATED, MEASURED IN PCT OF AREA BEARING, AVG","NITROGEN",85
"153",2014,"FLORIDA",12," TREATED, MEASURED IN PCT OF AREA BEARING, AVG","PHOSPHATE",85
"154",2014,"FLORIDA",12," TREATED, MEASURED IN PCT OF AREA BEARING, AVG","POTASH",85
"155",2014,"FLORIDA",12," TREATED, MEASURED IN PCT OF AREA BEARING, AVG","SULFUR",NA
"156",2014,"OREGON",41," APPLICATIONS, MEASURED IN LB","NITROGEN",70000
"157",2014,"OREGON",41," APPLICATIONS, MEASURED IN LB","PHOSPHATE",92000
"158",2014,"OREGON",41," APPLICATIONS, MEASURED IN LB","POTASH",83000
"159",2014,"OREGON",41," APPLICATIONS, MEASURED IN LB","SULFUR",14000
"160",2014,"OREGON",41," APPLICATIONS, MEASURED IN LB / ACRE / APPLICATION, AVG","NITROGEN",16
"161",2014,"OREGON",41," APPLICATIONS, MEASURED IN LB / ACRE / APPLICATION, AVG","PHOSPHATE",23
"162",2014,"OREGON",41," APPLICATIONS, MEASURED IN LB / ACRE / APPLICATION, AVG","POTASH",25
"163",2014,"OREGON",41," APPLICATIONS, MEASURED IN LB / ACRE / APPLICATION, AVG","SULFUR",5
"164",2014,"OREGON",41," APPLICATIONS, MEASURED IN LB / ACRE / YEAR, AVG","NITROGEN",36
"165",2014,"OREGON",41," APPLICATIONS, MEASURED IN LB / ACRE / YEAR, AVG","PHOSPHATE",48
"166",2014,"OREGON",41," APPLICATIONS, MEASURED IN LB / ACRE / YEAR, AVG","POTASH",43
"167",2014,"OREGON",41," APPLICATIONS, MEASURED IN LB / ACRE / YEAR, AVG","SULFUR",9
"168",2014,"OREGON",41," APPLICATIONS, MEASURED IN NUMBER, AVG","NITROGEN",2.3
"169",2014,"OREGON",41," APPLICATIONS, MEASURED IN NUMBER, AVG","PHOSPHATE",2.1
"170",2014,"OREGON",41," APPLICATIONS, MEASURED IN NUMBER, AVG","POTASH",1.7
"171",2014,"OREGON",41," APPLICATIONS, MEASURED IN NUMBER, AVG","SULFUR",1.7
"172",2014,"OREGON",41," TREATED, MEASURED IN PCT OF AREA BEARING, AVG","NITROGEN",96
"173",2014,"OREGON",41," TREATED, MEASURED IN PCT OF AREA BEARING, AVG","PHOSPHATE",96
"174",2014,"OREGON",41," TREATED, MEASURED IN PCT OF AREA BEARING, AVG","POTASH",96
"175",2014,"OREGON",41," TREATED, MEASURED IN PCT OF AREA BEARING, AVG","SULFUR",78
"176",2014,"WASHINGTON",53," APPLICATIONS, MEASURED IN LB","NITROGEN",56000
"177",2014,"WASHINGTON",53," APPLICATIONS, MEASURED IN LB","PHOSPHATE",149000
"178",2014,"WASHINGTON",53," APPLICATIONS, MEASURED IN LB","POTASH",150000
"179",2014,"WASHINGTON",53," APPLICATIONS, MEASURED IN LB","SULFUR",NA
"180",2014,"WASHINGTON",53," APPLICATIONS, MEASURED IN LB / ACRE / APPLICATION, AVG","NITROGEN",28
"181",2014,"WASHINGTON",53," APPLICATIONS, MEASURED IN LB / ACRE / APPLICATION, AVG","PHOSPHATE",78
"182",2014,"WASHINGTON",53," APPLICATIONS, MEASURED IN LB / ACRE / APPLICATION, AVG","POTASH",64
"183",2014,"WASHINGTON",53," APPLICATIONS, MEASURED IN LB / ACRE / APPLICATION, AVG","SULFUR",NA
"184",2014,"WASHINGTON",53," APPLICATIONS, MEASURED IN LB / ACRE / YEAR, AVG","NITROGEN",46
"185",2014,"WASHINGTON",53," APPLICATIONS, MEASURED IN LB / ACRE / YEAR, AVG","PHOSPHATE",122
"186",2014,"WASHINGTON",53," APPLICATIONS, MEASURED IN LB / ACRE / YEAR, AVG","POTASH",123
"187",2014,"WASHINGTON",53," APPLICATIONS, MEASURED IN LB / ACRE / YEAR, AVG","SULFUR",NA
"188",2014,"WASHINGTON",53," APPLICATIONS, MEASURED IN NUMBER, AVG","NITROGEN",1.6
"189",2014,"WASHINGTON",53," APPLICATIONS, MEASURED IN NUMBER, AVG","PHOSPHATE",1.6
"190",2014,"WASHINGTON",53," APPLICATIONS, MEASURED IN NUMBER, AVG","POTASH",1.9
"191",2014,"WASHINGTON",53," APPLICATIONS, MEASURED IN NUMBER, AVG","SULFUR",NA
"192",2014,"WASHINGTON",53," TREATED, MEASURED IN PCT OF AREA BEARING, AVG","NITROGEN",94
"193",2014,"WASHINGTON",53," TREATED, MEASURED IN PCT OF AREA BEARING, AVG","PHOSPHATE",94
"194",2014,"WASHINGTON",53," TREATED, MEASURED IN PCT OF AREA BEARING, AVG","POTASH",94
"195",2014,"WASHINGTON",53," TREATED, MEASURED IN PCT OF AREA BEARING, AVG","SULFUR",NA
"196",2010,"CALIFORNIA",6," APPLICATIONS, MEASURED IN LB","NITROGEN",8617000
"197",2010,"CALIFORNIA",6," APPLICATIONS, MEASURED IN LB","PHOSPHATE",5305000
"198",2010,"CALIFORNIA",6," APPLICATIONS, MEASURED IN LB","POTASH",5470000
"199",2010,"CALIFORNIA",6," APPLICATIONS, MEASURED IN LB","SULFUR",226000
"200",2010,"CALIFORNIA",6," APPLICATIONS, MEASURED IN LB / ACRE / APPLICATION, AVG","NITROGEN",15
"201",2010,"CALIFORNIA",6," APPLICATIONS, MEASURED IN LB / ACRE / APPLICATION, AVG","PHOSPHATE",17
"202",2010,"CALIFORNIA",6," APPLICATIONS, MEASURED IN LB / ACRE / APPLICATION, AVG","POTASH",19
"203",2010,"CALIFORNIA",6," APPLICATIONS, MEASURED IN LB / ACRE / APPLICATION, AVG","SULFUR",4
"204",2010,"CALIFORNIA",6," APPLICATIONS, MEASURED IN LB / ACRE / YEAR, AVG","NITROGEN",225
"205",2010,"CALIFORNIA",6," APPLICATIONS, MEASURED IN LB / ACRE / YEAR, AVG","PHOSPHATE",143
"206",2010,"CALIFORNIA",6," APPLICATIONS, MEASURED IN LB / ACRE / YEAR, AVG","POTASH",147
"207",2010,"CALIFORNIA",6," APPLICATIONS, MEASURED IN LB / ACRE / YEAR, AVG","SULFUR",35
"208",2010,"CALIFORNIA",6," APPLICATIONS, MEASURED IN NUMBER, AVG","NITROGEN",15.5
"209",2010,"CALIFORNIA",6," APPLICATIONS, MEASURED IN NUMBER, AVG","PHOSPHATE",8.2
"210",2010,"CALIFORNIA",6," APPLICATIONS, MEASURED IN NUMBER, AVG","POTASH",7.5
"211",2010,"CALIFORNIA",6," APPLICATIONS, MEASURED IN NUMBER, AVG","SULFUR",8.4
"212",2010,"CALIFORNIA",6," TREATED, MEASURED IN PCT OF AREA BEARING, AVG","NITROGEN",99
"213",2010,"CALIFORNIA",6," TREATED, MEASURED IN PCT OF AREA BEARING, AVG","PHOSPHATE",96
"214",2010,"CALIFORNIA",6," TREATED, MEASURED IN PCT OF AREA BEARING, AVG","POTASH",97
"215",2010,"CALIFORNIA",6," TREATED, MEASURED IN PCT OF AREA BEARING, AVG","SULFUR",17
"216",2010,"FLORIDA",12," APPLICATIONS, MEASURED IN LB","NITROGEN",1169000
"217",2010,"FLORIDA",12," APPLICATIONS, MEASURED IN LB","PHOSPHATE",363000
"218",2010,"FLORIDA",12," APPLICATIONS, MEASURED IN LB","POTASH",1373000
"219",2010,"FLORIDA",12," APPLICATIONS, MEASURED IN LB","SULFUR",NA
"220",2010,"FLORIDA",12," APPLICATIONS, MEASURED IN LB / ACRE / APPLICATION, AVG","NITROGEN",2
"221",2010,"FLORIDA",12," APPLICATIONS, MEASURED IN LB / ACRE / APPLICATION, AVG","PHOSPHATE",1
"222",2010,"FLORIDA",12," APPLICATIONS, MEASURED IN LB / ACRE / APPLICATION, AVG","POTASH",3
"223",2010,"FLORIDA",12," APPLICATIONS, MEASURED IN LB / ACRE / APPLICATION, AVG","SULFUR",NA
"224",2010,"FLORIDA",12," APPLICATIONS, MEASURED IN LB / ACRE / YEAR, AVG","NITROGEN",170
"225",2010,"FLORIDA",12," APPLICATIONS, MEASURED IN LB / ACRE / YEAR, AVG","PHOSPHATE",55
"226",2010,"FLORIDA",12," APPLICATIONS, MEASURED IN LB / ACRE / YEAR, AVG","POTASH",200
"227",2010,"FLORIDA",12," APPLICATIONS, MEASURED IN LB / ACRE / YEAR, AVG","SULFUR",NA
"228",2010,"FLORIDA",12," APPLICATIONS, MEASURED IN NUMBER, AVG","NITROGEN",74.3
"229",2010,"FLORIDA",12," APPLICATIONS, MEASURED IN NUMBER, AVG","PHOSPHATE",64.7
"230",2010,"FLORIDA",12," APPLICATIONS, MEASURED IN NUMBER, AVG","POTASH",74.3
"231",2010,"FLORIDA",12," APPLICATIONS, MEASURED IN NUMBER, AVG","SULFUR",NA
"232",2010,"FLORIDA",12," TREATED, MEASURED IN PCT OF AREA BEARING, AVG","NITROGEN",78
"233",2010,"FLORIDA",12," TREATED, MEASURED IN PCT OF AREA BEARING, AVG","PHOSPHATE",75
"234",2010,"FLORIDA",12," TREATED, MEASURED IN PCT OF AREA BEARING, AVG","POTASH",78
"235",2010,"FLORIDA",12," TREATED, MEASURED IN PCT OF AREA BEARING, AVG","SULFUR",NA
"236",2010,"OREGON",41," APPLICATIONS, MEASURED IN LB","NITROGEN",93000
"237",2010,"OREGON",41," APPLICATIONS, MEASURED IN LB","PHOSPHATE",87000
"238",2010,"OREGON",41," APPLICATIONS, MEASURED IN LB","POTASH",129000
"239",2010,"OREGON",41," APPLICATIONS, MEASURED IN LB","SULFUR",25000
"240",2010,"OREGON",41," APPLICATIONS, MEASURED IN LB / ACRE / APPLICATION, AVG","NITROGEN",37
"241",2010,"OREGON",41," APPLICATIONS, MEASURED IN LB / ACRE / APPLICATION, AVG","PHOSPHATE",75
"242",2010,"OREGON",41," APPLICATIONS, MEASURED IN LB / ACRE / APPLICATION, AVG","POTASH",60
"243",2010,"OREGON",41," APPLICATIONS, MEASURED IN LB / ACRE / APPLICATION, AVG","SULFUR",16
"244",2010,"OREGON",41," APPLICATIONS, MEASURED IN LB / ACRE / YEAR, AVG","NITROGEN",47
"245",2010,"OREGON",41," APPLICATIONS, MEASURED IN LB / ACRE / YEAR, AVG","PHOSPHATE",97
"246",2010,"OREGON",41," APPLICATIONS, MEASURED IN LB / ACRE / YEAR, AVG","POTASH",67
"247",2010,"OREGON",41," APPLICATIONS, MEASURED IN LB / ACRE / YEAR, AVG","SULFUR",18
"248",2010,"OREGON",41," APPLICATIONS, MEASURED IN NUMBER, AVG","NITROGEN",1.3
"249",2010,"OREGON",41," APPLICATIONS, MEASURED IN NUMBER, AVG","PHOSPHATE",1.3
"250",2010,"OREGON",41," APPLICATIONS, MEASURED IN NUMBER, AVG","POTASH",1.1
"251",2010,"OREGON",41," APPLICATIONS, MEASURED IN NUMBER, AVG","SULFUR",1.1
"252",2010,"OREGON",41," TREATED, MEASURED IN PCT OF AREA BEARING, AVG","NITROGEN",95
"253",2010,"OREGON",41," TREATED, MEASURED IN PCT OF AREA BEARING, AVG","PHOSPHATE",43
"254",2010,"OREGON",41," TREATED, MEASURED IN PCT OF AREA BEARING, AVG","POTASH",92
"255",2010,"OREGON",41," TREATED, MEASURED IN PCT OF AREA BEARING, AVG","SULFUR",68
"256",2010,"WASHINGTON",53," APPLICATIONS, MEASURED IN LB","NITROGEN",82000
"257",2010,"WASHINGTON",53," APPLICATIONS, MEASURED IN LB","PHOSPHATE",144000
"258",2010,"WASHINGTON",53," APPLICATIONS, MEASURED IN LB","POTASH",138000
"259",2010,"WASHINGTON",53," APPLICATIONS, MEASURED IN LB","SULFUR",NA
"260",2010,"WASHINGTON",53," APPLICATIONS, MEASURED IN LB / ACRE / APPLICATION, AVG","NITROGEN",29
"261",2010,"WASHINGTON",53," APPLICATIONS, MEASURED IN LB / ACRE / APPLICATION, AVG","PHOSPHATE",52
"262",2010,"WASHINGTON",53," APPLICATIONS, MEASURED IN LB / ACRE / APPLICATION, AVG","POTASH",52
"263",2010,"WASHINGTON",53," APPLICATIONS, MEASURED IN LB / ACRE / APPLICATION, AVG","SULFUR",NA
"264",2010,"WASHINGTON",53," APPLICATIONS, MEASURED IN LB / ACRE / YEAR, AVG","NITROGEN",60
"265",2010,"WASHINGTON",53," APPLICATIONS, MEASURED IN LB / ACRE / YEAR, AVG","PHOSPHATE",106
"266",2010,"WASHINGTON",53," APPLICATIONS, MEASURED IN LB / ACRE / YEAR, AVG","POTASH",101
"267",2010,"WASHINGTON",53," APPLICATIONS, MEASURED IN LB / ACRE / YEAR, AVG","SULFUR",NA
"268",2010,"WASHINGTON",53," APPLICATIONS, MEASURED IN NUMBER, AVG","NITROGEN",2
"269",2010,"WASHINGTON",53," APPLICATIONS, MEASURED IN NUMBER, AVG","PHOSPHATE",2
"270",2010,"WASHINGTON",53," APPLICATIONS, MEASURED IN NUMBER, AVG","POTASH",1.9
"271",2010,"WASHINGTON",53," APPLICATIONS, MEASURED IN NUMBER, AVG","SULFUR",NA
"272",2010,"WASHINGTON",53," TREATED, MEASURED IN PCT OF AREA BEARING, AVG","NITROGEN",91
"273",2010,"WASHINGTON",53," TREATED, MEASURED IN PCT OF AREA BEARING, AVG","PHOSPHATE",91
"274",2010,"WASHINGTON",53," TREATED, MEASURED IN PCT OF AREA BEARING, AVG","POTASH",91
"275",2010,"WASHINGTON",53," TREATED, MEASURED IN PCT OF AREA BEARING, AVG","SULFUR",NA
"276",2006,"CALIFORNIA",6," APPLICATIONS, MEASURED IN LB","NITROGEN",7436000
"277",2006,"CALIFORNIA",6," APPLICATIONS, MEASURED IN LB","PHOSPHATE",4086000
"278",2006,"CALIFORNIA",6," APPLICATIONS, MEASURED IN LB","POTASH",6459000
"279",2006,"CALIFORNIA",6," APPLICATIONS, MEASURED IN LB","SULFUR",431000
"280",2006,"CALIFORNIA",6," APPLICATIONS, MEASURED IN LB / ACRE / APPLICATION, AVG","NITROGEN",17
"281",2006,"CALIFORNIA",6," APPLICATIONS, MEASURED IN LB / ACRE / APPLICATION, AVG","PHOSPHATE",16
"282",2006,"CALIFORNIA",6," APPLICATIONS, MEASURED IN LB / ACRE / APPLICATION, AVG","POTASH",23
"283",2006,"CALIFORNIA",6," APPLICATIONS, MEASURED IN LB / ACRE / APPLICATION, AVG","SULFUR",7
"284",2006,"CALIFORNIA",6," APPLICATIONS, MEASURED IN LB / ACRE / YEAR, AVG","NITROGEN",215
"285",2006,"CALIFORNIA",6," APPLICATIONS, MEASURED IN LB / ACRE / YEAR, AVG","PHOSPHATE",128
"286",2006,"CALIFORNIA",6," APPLICATIONS, MEASURED IN LB / ACRE / YEAR, AVG","POTASH",199
"287",2006,"CALIFORNIA",6," APPLICATIONS, MEASURED IN LB / ACRE / YEAR, AVG","SULFUR",56
"288",2006,"CALIFORNIA",6," APPLICATIONS, MEASURED IN NUMBER, AVG","NITROGEN",12.4
"289",2006,"CALIFORNIA",6," APPLICATIONS, MEASURED IN NUMBER, AVG","PHOSPHATE",8.1
"290",2006,"CALIFORNIA",6," APPLICATIONS, MEASURED IN NUMBER, AVG","POTASH",8.6
"291",2006,"CALIFORNIA",6," APPLICATIONS, MEASURED IN NUMBER, AVG","SULFUR",8.5
"292",2006,"CALIFORNIA",6," TREATED, MEASURED IN PCT OF AREA BEARING, AVG","NITROGEN",97
"293",2006,"CALIFORNIA",6," TREATED, MEASURED IN PCT OF AREA BEARING, AVG","PHOSPHATE",89
"294",2006,"CALIFORNIA",6," TREATED, MEASURED IN PCT OF AREA BEARING, AVG","POTASH",91
"295",2006,"CALIFORNIA",6," TREATED, MEASURED IN PCT OF AREA BEARING, AVG","SULFUR",22
"296",2006,"FLORIDA",12," APPLICATIONS, MEASURED IN LB","NITROGEN",829000
"297",2006,"FLORIDA",12," APPLICATIONS, MEASURED IN LB","PHOSPHATE",276000
"298",2006,"FLORIDA",12," APPLICATIONS, MEASURED IN LB","POTASH",993000
"299",2006,"FLORIDA",12," APPLICATIONS, MEASURED IN LB","SULFUR",5000
"300",2006,"FLORIDA",12," APPLICATIONS, MEASURED IN LB / ACRE / APPLICATION, AVG","NITROGEN",2
"301",2006,"FLORIDA",12," APPLICATIONS, MEASURED IN LB / ACRE / APPLICATION, AVG","PHOSPHATE",1
"302",2006,"FLORIDA",12," APPLICATIONS, MEASURED IN LB / ACRE / APPLICATION, AVG","POTASH",2
"303",2006,"FLORIDA",12," APPLICATIONS, MEASURED IN LB / ACRE / APPLICATION, AVG","SULFUR",NA
"304",2006,"FLORIDA",12," APPLICATIONS, MEASURED IN LB / ACRE / YEAR, AVG","NITROGEN",114
"305",2006,"FLORIDA",12," APPLICATIONS, MEASURED IN LB / ACRE / YEAR, AVG","PHOSPHATE",44
"306",2006,"FLORIDA",12," APPLICATIONS, MEASURED IN LB / ACRE / YEAR, AVG","POTASH",137
"307",2006,"FLORIDA",12," APPLICATIONS, MEASURED IN LB / ACRE / YEAR, AVG","SULFUR",4
"308",2006,"FLORIDA",12," APPLICATIONS, MEASURED IN NUMBER, AVG","NITROGEN",74.2
"309",2006,"FLORIDA",12," APPLICATIONS, MEASURED IN NUMBER, AVG","PHOSPHATE",75.1
"310",2006,"FLORIDA",12," APPLICATIONS, MEASURED IN NUMBER, AVG","POTASH",74
"311",2006,"FLORIDA",12," APPLICATIONS, MEASURED IN NUMBER, AVG","SULFUR",20.5
"312",2006,"FLORIDA",12," TREATED, MEASURED IN PCT OF AREA BEARING, AVG","NITROGEN",98
"313",2006,"FLORIDA",12," TREATED, MEASURED IN PCT OF AREA BEARING, AVG","PHOSPHATE",84
"314",2006,"FLORIDA",12," TREATED, MEASURED IN PCT OF AREA BEARING, AVG","POTASH",98
"315",2006,"FLORIDA",12," TREATED, MEASURED IN PCT OF AREA BEARING, AVG","SULFUR",19
"316",2006,"OREGON",41," APPLICATIONS, MEASURED IN LB","NITROGEN",121000
"317",2006,"OREGON",41," APPLICATIONS, MEASURED IN LB","PHOSPHATE",144000
"318",2006,"OREGON",41," APPLICATIONS, MEASURED IN LB","POTASH",259000
"319",2006,"OREGON",41," APPLICATIONS, MEASURED IN LB","SULFUR",34000
"320",2006,"OREGON",41," APPLICATIONS, MEASURED IN LB / ACRE / APPLICATION, AVG","NITROGEN",26
"321",2006,"OREGON",41," APPLICATIONS, MEASURED IN LB / ACRE / APPLICATION, AVG","PHOSPHATE",41
"322",2006,"OREGON",41," APPLICATIONS, MEASURED IN LB / ACRE / APPLICATION, AVG","POTASH",63
"323",2006,"OREGON",41," APPLICATIONS, MEASURED IN LB / ACRE / APPLICATION, AVG","SULFUR",24
"324",2006,"OREGON",41," APPLICATIONS, MEASURED IN LB / ACRE / YEAR, AVG","NITROGEN",41
"325",2006,"OREGON",41," APPLICATIONS, MEASURED IN LB / ACRE / YEAR, AVG","PHOSPHATE",52
"326",2006,"OREGON",41," APPLICATIONS, MEASURED IN LB / ACRE / YEAR, AVG","POTASH",87
"327",2006,"OREGON",41," APPLICATIONS, MEASURED IN LB / ACRE / YEAR, AVG","SULFUR",26
"328",2006,"OREGON",41," APPLICATIONS, MEASURED IN NUMBER, AVG","NITROGEN",1.6
"329",2006,"OREGON",41," APPLICATIONS, MEASURED IN NUMBER, AVG","PHOSPHATE",1.3
"330",2006,"OREGON",41," APPLICATIONS, MEASURED IN NUMBER, AVG","POTASH",1.4
"331",2006,"OREGON",41," APPLICATIONS, MEASURED IN NUMBER, AVG","SULFUR",1.1
"332",2006,"OREGON",41," TREATED, MEASURED IN PCT OF AREA BEARING, AVG","NITROGEN",96
"333",2006,"OREGON",41," TREATED, MEASURED IN PCT OF AREA BEARING, AVG","PHOSPHATE",89
"334",2006,"OREGON",41," TREATED, MEASURED IN PCT OF AREA BEARING, AVG","POTASH",96
"335",2006,"OREGON",41," TREATED, MEASURED IN PCT OF AREA BEARING, AVG","SULFUR",42
"336",2006,"WASHINGTON",53," APPLICATIONS, MEASURED IN LB","NITROGEN",106000
"337",2006,"WASHINGTON",53," APPLICATIONS, MEASURED IN LB","PHOSPHATE",184000
"338",2006,"WASHINGTON",53," APPLICATIONS, MEASURED IN LB","POTASH",128000
"339",2006,"WASHINGTON",53," APPLICATIONS, MEASURED IN LB","SULFUR",12000
"340",2006,"WASHINGTON",53," APPLICATIONS, MEASURED IN LB / ACRE / APPLICATION, AVG","NITROGEN",41
"341",2006,"WASHINGTON",53," APPLICATIONS, MEASURED IN LB / ACRE / APPLICATION, AVG","PHOSPHATE",77
"342",2006,"WASHINGTON",53," APPLICATIONS, MEASURED IN LB / ACRE / APPLICATION, AVG","POTASH",61
"343",2006,"WASHINGTON",53," APPLICATIONS, MEASURED IN LB / ACRE / APPLICATION, AVG","SULFUR",23
"344",2006,"WASHINGTON",53," APPLICATIONS, MEASURED IN LB / ACRE / YEAR, AVG","NITROGEN",78
"345",2006,"WASHINGTON",53," APPLICATIONS, MEASURED IN LB / ACRE / YEAR, AVG","PHOSPHATE",136
"346",2006,"WASHINGTON",53," APPLICATIONS, MEASURED IN LB / ACRE / YEAR, AVG","POTASH",116
"347",2006,"WASHINGTON",53," APPLICATIONS, MEASURED IN LB / ACRE / YEAR, AVG","SULFUR",30
"348",2006,"WASHINGTON",53," APPLICATIONS, MEASURED IN NUMBER, AVG","NITROGEN",1.9
"349",2006,"WASHINGTON",53," APPLICATIONS, MEASURED IN NUMBER, AVG","PHOSPHATE",1.8
"350",2006,"WASHINGTON",53," APPLICATIONS, MEASURED IN NUMBER, AVG","POTASH",1.9
"351",2006,"WASHINGTON",53," APPLICATIONS, MEASURED IN NUMBER, AVG","SULFUR",1.3
"352",2006,"WASHINGTON",53," TREATED, MEASURED IN PCT OF AREA BEARING, AVG","NITROGEN",97
"353",2006,"WASHINGTON",53," TREATED, MEASURED IN PCT OF AREA BEARING, AVG","PHOSPHATE",97
"354",2006,"WASHINGTON",53," TREATED, MEASURED IN PCT OF AREA BEARING, AVG","POTASH",79
"355",2006,"WASHINGTON",53," TREATED, MEASURED IN PCT OF AREA BEARING, AVG","SULFUR",29
"356",2002,"CALIFORNIA",6," APPLICATIONS, MEASURED IN LB","NITROGEN",6108000
"357",2002,"CALIFORNIA",6," APPLICATIONS, MEASURED IN LB","PHOSPHATE",3813000
"358",2002,"CALIFORNIA",6," APPLICATIONS, MEASURED IN LB","POTASH",3733000
"359",2002,"CALIFORNIA",6," APPLICATIONS, MEASURED IN LB / ACRE / APPLICATION, AVG","NITROGEN",22
"360",2002,"CALIFORNIA",6," APPLICATIONS, MEASURED IN LB / ACRE / APPLICATION, AVG","PHOSPHATE",23
"361",2002,"CALIFORNIA",6," APPLICATIONS, MEASURED IN LB / ACRE / APPLICATION, AVG","POTASH",22
"362",2002,"CALIFORNIA",6," APPLICATIONS, MEASURED IN LB / ACRE / YEAR, AVG","NITROGEN",226
"363",2002,"CALIFORNIA",6," APPLICATIONS, MEASURED IN LB / ACRE / YEAR, AVG","PHOSPHATE",147
"364",2002,"CALIFORNIA",6," APPLICATIONS, MEASURED IN LB / ACRE / YEAR, AVG","POTASH",148
"365",2002,"CALIFORNIA",6," APPLICATIONS, MEASURED IN NUMBER, AVG","NITROGEN",10.2
"366",2002,"CALIFORNIA",6," APPLICATIONS, MEASURED IN NUMBER, AVG","PHOSPHATE",6.4
"367",2002,"CALIFORNIA",6," APPLICATIONS, MEASURED IN NUMBER, AVG","POTASH",6.7
"368",2002,"CALIFORNIA",6," TREATED, MEASURED IN PCT OF AREA BEARING, AVG","NITROGEN",95
"369",2002,"CALIFORNIA",6," TREATED, MEASURED IN PCT OF AREA BEARING, AVG","PHOSPHATE",91
"370",2002,"CALIFORNIA",6," TREATED, MEASURED IN PCT OF AREA BEARING, AVG","POTASH",89
"371",2002,"FLORIDA",12," APPLICATIONS, MEASURED IN LB","NITROGEN",584000
"372",2002,"FLORIDA",12," APPLICATIONS, MEASURED IN LB","PHOSPHATE",174000
"373",2002,"FLORIDA",12," APPLICATIONS, MEASURED IN LB","POTASH",8e+05
"374",2002,"FLORIDA",12," APPLICATIONS, MEASURED IN LB / ACRE / APPLICATION, AVG","NITROGEN",1
"375",2002,"FLORIDA",12," APPLICATIONS, MEASURED IN LB / ACRE / APPLICATION, AVG","PHOSPHATE",1
"376",2002,"FLORIDA",12," APPLICATIONS, MEASURED IN LB / ACRE / APPLICATION, AVG","POTASH",2
"377",2002,"FLORIDA",12," APPLICATIONS, MEASURED IN LB / ACRE / YEAR, AVG","NITROGEN",85
"378",2002,"FLORIDA",12," APPLICATIONS, MEASURED IN LB / ACRE / YEAR, AVG","PHOSPHATE",37
"379",2002,"FLORIDA",12," APPLICATIONS, MEASURED IN LB / ACRE / YEAR, AVG","POTASH",117
"380",2002,"FLORIDA",12," APPLICATIONS, MEASURED IN NUMBER, AVG","NITROGEN",74.9
"381",2002,"FLORIDA",12," APPLICATIONS, MEASURED IN NUMBER, AVG","PHOSPHATE",66
"382",2002,"FLORIDA",12," APPLICATIONS, MEASURED IN NUMBER, AVG","POTASH",74.9
"383",2002,"FLORIDA",12," TREATED, MEASURED IN PCT OF AREA BEARING, AVG","NITROGEN",100
"384",2002,"FLORIDA",12," TREATED, MEASURED IN PCT OF AREA BEARING, AVG","PHOSPHATE",68
"385",2002,"FLORIDA",12," TREATED, MEASURED IN PCT OF AREA BEARING, AVG","POTASH",99
"386",2002,"OREGON",41," APPLICATIONS, MEASURED IN LB","NITROGEN",161000
"387",2002,"OREGON",41," APPLICATIONS, MEASURED IN LB","PHOSPHATE",241000
"388",2002,"OREGON",41," APPLICATIONS, MEASURED IN LB","POTASH",4e+05
"389",2002,"OREGON",41," APPLICATIONS, MEASURED IN LB / ACRE / APPLICATION, AVG","NITROGEN",40
"390",2002,"OREGON",41," APPLICATIONS, MEASURED IN LB / ACRE / APPLICATION, AVG","PHOSPHATE",57
"391",2002,"OREGON",41," APPLICATIONS, MEASURED IN LB / ACRE / APPLICATION, AVG","POTASH",74
"392",2002,"OREGON",41," APPLICATIONS, MEASURED IN LB / ACRE / YEAR, AVG","NITROGEN",51
"393",2002,"OREGON",41," APPLICATIONS, MEASURED IN LB / ACRE / YEAR, AVG","PHOSPHATE",102
"394",2002,"OREGON",41," APPLICATIONS, MEASURED IN LB / ACRE / YEAR, AVG","POTASH",147
"395",2002,"OREGON",41," APPLICATIONS, MEASURED IN NUMBER, AVG","NITROGEN",1.2
"396",2002,"OREGON",41," APPLICATIONS, MEASURED IN NUMBER, AVG","PHOSPHATE",1.7
"397",2002,"OREGON",41," APPLICATIONS, MEASURED IN NUMBER, AVG","POTASH",1.9
"398",2002,"OREGON",41," TREATED, MEASURED IN PCT OF AREA BEARING, AVG","NITROGEN",91
"399",2002,"OREGON",41," TREATED, MEASURED IN PCT OF AREA BEARING, AVG","PHOSPHATE",67
"400",2002,"OREGON",41," TREATED, MEASURED IN PCT OF AREA BEARING, AVG","POTASH",78
"401",1998,"CALIFORNIA",6," APPLICATIONS, MEASURED IN LB","NITROGEN",4460000
"402",1998,"CALIFORNIA",6," APPLICATIONS, MEASURED IN LB","PHOSPHATE",1622000
"403",1998,"CALIFORNIA",6," APPLICATIONS, MEASURED IN LB","POTASH",2152000
"404",1998,"CALIFORNIA",6," APPLICATIONS, MEASURED IN LB / ACRE / APPLICATION, AVG","NITROGEN",28
"405",1998,"CALIFORNIA",6," APPLICATIONS, MEASURED IN LB / ACRE / APPLICATION, AVG","PHOSPHATE",17
"406",1998,"CALIFORNIA",6," APPLICATIONS, MEASURED IN LB / ACRE / APPLICATION, AVG","POTASH",20
"407",1998,"CALIFORNIA",6," APPLICATIONS, MEASURED IN LB / ACRE / YEAR, AVG","NITROGEN",191
"408",1998,"CALIFORNIA",6," APPLICATIONS, MEASURED IN LB / ACRE / YEAR, AVG","PHOSPHATE",83
"409",1998,"CALIFORNIA",6," APPLICATIONS, MEASURED IN LB / ACRE / YEAR, AVG","POTASH",112
"410",1998,"CALIFORNIA",6," APPLICATIONS, MEASURED IN NUMBER, AVG","NITROGEN",6.7
"411",1998,"CALIFORNIA",6," APPLICATIONS, MEASURED IN NUMBER, AVG","PHOSPHATE",4.8
"412",1998,"CALIFORNIA",6," APPLICATIONS, MEASURED IN NUMBER, AVG","POTASH",5.7
"413",1998,"CALIFORNIA",6," TREATED, MEASURED IN PCT OF AREA BEARING, AVG","NITROGEN",96
"414",1998,"CALIFORNIA",6," TREATED, MEASURED IN PCT OF AREA BEARING, AVG","PHOSPHATE",81
"415",1998,"CALIFORNIA",6," TREATED, MEASURED IN PCT OF AREA BEARING, AVG","POTASH",79
"416",1998,"FLORIDA",12," APPLICATIONS, MEASURED IN LB","NITROGEN",590000
"417",1998,"FLORIDA",12," APPLICATIONS, MEASURED IN LB","PHOSPHATE",356000
"418",1998,"FLORIDA",12," APPLICATIONS, MEASURED IN LB","POTASH",661000
"419",1998,"FLORIDA",12," APPLICATIONS, MEASURED IN LB / ACRE / APPLICATION, AVG","NITROGEN",2
"420",1998,"FLORIDA",12," APPLICATIONS, MEASURED IN LB / ACRE / APPLICATION, AVG","PHOSPHATE",1
"421",1998,"FLORIDA",12," APPLICATIONS, MEASURED IN LB / ACRE / APPLICATION, AVG","POTASH",2
"422",1998,"FLORIDA",12," APPLICATIONS, MEASURED IN LB / ACRE / YEAR, AVG","NITROGEN",95
"423",1998,"FLORIDA",12," APPLICATIONS, MEASURED IN LB / ACRE / YEAR, AVG","PHOSPHATE",61
"424",1998,"FLORIDA",12," APPLICATIONS, MEASURED IN LB / ACRE / YEAR, AVG","POTASH",107
"425",1998,"FLORIDA",12," APPLICATIONS, MEASURED IN NUMBER, AVG","NITROGEN",53.5
"426",1998,"FLORIDA",12," APPLICATIONS, MEASURED IN NUMBER, AVG","PHOSPHATE",49.3
"427",1998,"FLORIDA",12," APPLICATIONS, MEASURED IN NUMBER, AVG","POTASH",53.5
"428",1998,"FLORIDA",12," TREATED, MEASURED IN PCT OF AREA BEARING, AVG","NITROGEN",100
"429",1998,"FLORIDA",12," TREATED, MEASURED IN PCT OF AREA BEARING, AVG","PHOSPHATE",94
"430",1998,"FLORIDA",12," TREATED, MEASURED IN PCT OF AREA BEARING, AVG","POTASH",100
"431",1998,"NEW YORK",36," APPLICATIONS, MEASURED IN LB","NITROGEN",119000
"432",1998,"NEW YORK",36," APPLICATIONS, MEASURED IN LB","PHOSPHATE",78000
"433",1998,"NEW YORK",36," APPLICATIONS, MEASURED IN LB","POTASH",82000
"434",1998,"NEW YORK",36," APPLICATIONS, MEASURED IN LB / ACRE / APPLICATION, AVG","NITROGEN",53
"435",1998,"NEW YORK",36," APPLICATIONS, MEASURED IN LB / ACRE / APPLICATION, AVG","PHOSPHATE",44
"436",1998,"NEW YORK",36," APPLICATIONS, MEASURED IN LB / ACRE / APPLICATION, AVG","POTASH",46
"437",1998,"NEW YORK",36," APPLICATIONS, MEASURED IN LB / ACRE / YEAR, AVG","NITROGEN",75
"438",1998,"NEW YORK",36," APPLICATIONS, MEASURED IN LB / ACRE / YEAR, AVG","PHOSPHATE",57
"439",1998,"NEW YORK",36," APPLICATIONS, MEASURED IN LB / ACRE / YEAR, AVG","POTASH",59
"440",1998,"NEW YORK",36," APPLICATIONS, MEASURED IN NUMBER, AVG","NITROGEN",1.4
"441",1998,"NEW YORK",36," APPLICATIONS, MEASURED IN NUMBER, AVG","PHOSPHATE",1.2
"442",1998,"NEW YORK",36," APPLICATIONS, MEASURED IN NUMBER, AVG","POTASH",1.2
"443",1998,"NEW YORK",36," TREATED, MEASURED IN PCT OF AREA BEARING, AVG","NITROGEN",93
"444",1998,"NEW YORK",36," TREATED, MEASURED IN PCT OF AREA BEARING, AVG","PHOSPHATE",81
"445",1998,"NEW YORK",36," TREATED, MEASURED IN PCT OF AREA BEARING, AVG","POTASH",83
"446",1998,"NORTH CAROLINA",37," APPLICATIONS, MEASURED IN LB","NITROGEN",243000
"447",1998,"NORTH CAROLINA",37," APPLICATIONS, MEASURED IN LB","PHOSPHATE",137000
"448",1998,"NORTH CAROLINA",37," APPLICATIONS, MEASURED IN LB","POTASH",293000
"449",1998,"NORTH CAROLINA",37," APPLICATIONS, MEASURED IN LB / ACRE / APPLICATION, AVG","NITROGEN",31
"450",1998,"NORTH CAROLINA",37," APPLICATIONS, MEASURED IN LB / ACRE / APPLICATION, AVG","PHOSPHATE",56
"451",1998,"NORTH CAROLINA",37," APPLICATIONS, MEASURED IN LB / ACRE / APPLICATION, AVG","POTASH",47
"452",1998,"NORTH CAROLINA",37," APPLICATIONS, MEASURED IN LB / ACRE / YEAR, AVG","NITROGEN",147
"453",1998,"NORTH CAROLINA",37," APPLICATIONS, MEASURED IN LB / ACRE / YEAR, AVG","PHOSPHATE",98
"454",1998,"NORTH CAROLINA",37," APPLICATIONS, MEASURED IN LB / ACRE / YEAR, AVG","POTASH",189
"455",1998,"NORTH CAROLINA",37," APPLICATIONS, MEASURED IN NUMBER, AVG","NITROGEN",4.7
"456",1998,"NORTH CAROLINA",37," APPLICATIONS, MEASURED IN NUMBER, AVG","PHOSPHATE",1.7
"457",1998,"NORTH CAROLINA",37," APPLICATIONS, MEASURED IN NUMBER, AVG","POTASH",4
"458",1998,"NORTH CAROLINA",37," TREATED, MEASURED IN PCT OF AREA BEARING, AVG","NITROGEN",97
"459",1998,"NORTH CAROLINA",37," TREATED, MEASURED IN PCT OF AREA BEARING, AVG","PHOSPHATE",83
"460",1998,"NORTH CAROLINA",37," TREATED, MEASURED IN PCT OF AREA BEARING, AVG","POTASH",92
"461",1998,"OREGON",41," APPLICATIONS, MEASURED IN LB","NITROGEN",326000
"462",1998,"OREGON",41," APPLICATIONS, MEASURED IN LB","PHOSPHATE",447000
"463",1998,"OREGON",41," APPLICATIONS, MEASURED IN LB","POTASH",391000
"464",1998,"OREGON",41," APPLICATIONS, MEASURED IN LB / ACRE / APPLICATION, AVG","NITROGEN",60
"465",1998,"OREGON",41," APPLICATIONS, MEASURED IN LB / ACRE / APPLICATION, AVG","PHOSPHATE",96
"466",1998,"OREGON",41," APPLICATIONS, MEASURED IN LB / ACRE / APPLICATION, AVG","POTASH",77
"467",1998,"OREGON",41," APPLICATIONS, MEASURED IN LB / ACRE / YEAR, AVG","NITROGEN",76
"468",1998,"OREGON",41," APPLICATIONS, MEASURED IN LB / ACRE / YEAR, AVG","PHOSPHATE",106
"469",1998,"OREGON",41," APPLICATIONS, MEASURED IN LB / ACRE / YEAR, AVG","POTASH",92
"470",1998,"OREGON",41," APPLICATIONS, MEASURED IN NUMBER, AVG","NITROGEN",1.2
"471",1998,"OREGON",41," APPLICATIONS, MEASURED IN NUMBER, AVG","PHOSPHATE",1.1
"472",1998,"OREGON",41," APPLICATIONS, MEASURED IN NUMBER, AVG","POTASH",1.1
"473",1998,"OREGON",41," TREATED, MEASURED IN PCT OF AREA BEARING, AVG","NITROGEN",96
"474",1998,"OREGON",41," TREATED, MEASURED IN PCT OF AREA BEARING, AVG","PHOSPHATE",94
"475",1998,"OREGON",41," TREATED, MEASURED IN PCT OF AREA BEARING, AVG","POTASH",95
"476",1998,"WASHINGTON",53," APPLICATIONS, MEASURED IN LB","NITROGEN",80000
"477",1998,"WASHINGTON",53," APPLICATIONS, MEASURED IN LB","PHOSPHATE",154000
"478",1998,"WASHINGTON",53," APPLICATIONS, MEASURED IN LB","POTASH",97000
"479",1998,"WASHINGTON",53," APPLICATIONS, MEASURED IN LB / ACRE / APPLICATION, AVG","NITROGEN",47
"480",1998,"WASHINGTON",53," APPLICATIONS, MEASURED IN LB / ACRE / APPLICATION, AVG","PHOSPHATE",89
"481",1998,"WASHINGTON",53," APPLICATIONS, MEASURED IN LB / ACRE / APPLICATION, AVG","POTASH",55
"482",1998,"WASHINGTON",53," APPLICATIONS, MEASURED IN LB / ACRE / YEAR, AVG","NITROGEN",57
"483",1998,"WASHINGTON",53," APPLICATIONS, MEASURED IN LB / ACRE / YEAR, AVG","PHOSPHATE",131
"484",1998,"WASHINGTON",53," APPLICATIONS, MEASURED IN LB / ACRE / YEAR, AVG","POTASH",81
"485",1998,"WASHINGTON",53," APPLICATIONS, MEASURED IN NUMBER, AVG","NITROGEN",1.2
"486",1998,"WASHINGTON",53," APPLICATIONS, MEASURED IN NUMBER, AVG","PHOSPHATE",1.4
"487",1998,"WASHINGTON",53," APPLICATIONS, MEASURED IN NUMBER, AVG","POTASH",1.4
"488",1998,"WASHINGTON",53," TREATED, MEASURED IN PCT OF AREA BEARING, AVG","NITROGEN",93
"489",1998,"WASHINGTON",53," TREATED, MEASURED IN PCT OF AREA BEARING, AVG","PHOSPHATE",78
"490",1998,"WASHINGTON",53," TREATED, MEASURED IN PCT OF AREA BEARING, AVG","POTASH",81
"491",1994,"CALIFORNIA",6," APPLICATIONS, MEASURED IN LB","NITROGEN",4621000
"492",1994,"CALIFORNIA",6," APPLICATIONS, MEASURED IN LB","PHOSPHATE",2062000
"493",1994,"CALIFORNIA",6," APPLICATIONS, MEASURED IN LB","POTASH",2380000
"494",1994,"CALIFORNIA",6," APPLICATIONS, MEASURED IN LB / ACRE / APPLICATION, AVG","NITROGEN",21
"495",1994,"CALIFORNIA",6," APPLICATIONS, MEASURED IN LB / ACRE / APPLICATION, AVG","PHOSPHATE",19
"496",1994,"CALIFORNIA",6," APPLICATIONS, MEASURED IN LB / ACRE / APPLICATION, AVG","POTASH",22
"497",1994,"CALIFORNIA",6," APPLICATIONS, MEASURED IN LB / ACRE / YEAR, AVG","NITROGEN",199
"498",1994,"CALIFORNIA",6," APPLICATIONS, MEASURED IN LB / ACRE / YEAR, AVG","PHOSPHATE",94
"499",1994,"CALIFORNIA",6," APPLICATIONS, MEASURED IN LB / ACRE / YEAR, AVG","POTASH",112
"500",1994,"CALIFORNIA",6," APPLICATIONS, MEASURED IN NUMBER, AVG","NITROGEN",9.5
"501",1994,"CALIFORNIA",6," APPLICATIONS, MEASURED IN NUMBER, AVG","PHOSPHATE",4.9
"502",1994,"CALIFORNIA",6," APPLICATIONS, MEASURED IN NUMBER, AVG","POTASH",5.2
"503",1994,"CALIFORNIA",6," TREATED, MEASURED IN PCT OF AREA BEARING, AVG","NITROGEN",100
"504",1994,"CALIFORNIA",6," TREATED, MEASURED IN PCT OF AREA BEARING, AVG","PHOSPHATE",95
"505",1994,"CALIFORNIA",6," TREATED, MEASURED IN PCT OF AREA BEARING, AVG","POTASH",91
"506",1994,"FLORIDA",12," APPLICATIONS, MEASURED IN LB","NITROGEN",676000
"507",1994,"FLORIDA",12," APPLICATIONS, MEASURED IN LB","PHOSPHATE",286000
"508",1994,"FLORIDA",12," APPLICATIONS, MEASURED IN LB","POTASH",890000
"509",1994,"FLORIDA",12," APPLICATIONS, MEASURED IN LB / ACRE / APPLICATION, AVG","NITROGEN",2
"510",1994,"FLORIDA",12," APPLICATIONS, MEASURED IN LB / ACRE / APPLICATION, AVG","PHOSPHATE",1
"511",1994,"FLORIDA",12," APPLICATIONS, MEASURED IN LB / ACRE / APPLICATION, AVG","POTASH",2
"512",1994,"FLORIDA",12," APPLICATIONS, MEASURED IN LB / ACRE / YEAR, AVG","NITROGEN",117
"513",1994,"FLORIDA",12," APPLICATIONS, MEASURED IN LB / ACRE / YEAR, AVG","PHOSPHATE",58
"514",1994,"FLORIDA",12," APPLICATIONS, MEASURED IN LB / ACRE / YEAR, AVG","POTASH",156
"515",1994,"FLORIDA",12," APPLICATIONS, MEASURED IN NUMBER, AVG","NITROGEN",73
"516",1994,"FLORIDA",12," APPLICATIONS, MEASURED IN NUMBER, AVG","PHOSPHATE",58.3
"517",1994,"FLORIDA",12," APPLICATIONS, MEASURED IN NUMBER, AVG","POTASH",73.7
"518",1994,"FLORIDA",12," TREATED, MEASURED IN PCT OF AREA BEARING, AVG","NITROGEN",100
"519",1994,"FLORIDA",12," TREATED, MEASURED IN PCT OF AREA BEARING, AVG","PHOSPHATE",84
"520",1994,"FLORIDA",12," TREATED, MEASURED IN PCT OF AREA BEARING, AVG","POTASH",98
"521",1994,"NEW YORK",36," APPLICATIONS, MEASURED IN LB","NITROGEN",133000
"522",1994,"NEW YORK",36," APPLICATIONS, MEASURED IN LB","PHOSPHATE",74000
"523",1994,"NEW YORK",36," APPLICATIONS, MEASURED IN LB","POTASH",78000
"524",1994,"NEW YORK",36," APPLICATIONS, MEASURED IN LB / ACRE / APPLICATION, AVG","NITROGEN",57
"525",1994,"NEW YORK",36," APPLICATIONS, MEASURED IN LB / ACRE / APPLICATION, AVG","PHOSPHATE",45
"526",1994,"NEW YORK",36," APPLICATIONS, MEASURED IN LB / ACRE / APPLICATION, AVG","POTASH",47
"527",1994,"NEW YORK",36," APPLICATIONS, MEASURED IN LB / ACRE / YEAR, AVG","NITROGEN",85
"528",1994,"NEW YORK",36," APPLICATIONS, MEASURED IN LB / ACRE / YEAR, AVG","PHOSPHATE",62
"529",1994,"NEW YORK",36," APPLICATIONS, MEASURED IN LB / ACRE / YEAR, AVG","POTASH",65
"530",1994,"NEW YORK",36," APPLICATIONS, MEASURED IN NUMBER, AVG","NITROGEN",1.5
"531",1994,"NEW YORK",36," APPLICATIONS, MEASURED IN NUMBER, AVG","PHOSPHATE",1.4
"532",1994,"NEW YORK",36," APPLICATIONS, MEASURED IN NUMBER, AVG","POTASH",1.4
"533",1994,"NEW YORK",36," TREATED, MEASURED IN PCT OF AREA BEARING, AVG","NITROGEN",60
"534",1994,"NEW YORK",36," TREATED, MEASURED IN PCT OF AREA BEARING, AVG","PHOSPHATE",45
"535",1994,"NEW YORK",36," TREATED, MEASURED IN PCT OF AREA BEARING, AVG","POTASH",46
"536",1994,"NORTH CAROLINA",37," APPLICATIONS, MEASURED IN LB","NITROGEN",340000
"537",1994,"NORTH CAROLINA",37," APPLICATIONS, MEASURED IN LB","PHOSPHATE",255000
"538",1994,"NORTH CAROLINA",37," APPLICATIONS, MEASURED IN LB","POTASH",275000
"539",1994,"NORTH CAROLINA",37," APPLICATIONS, MEASURED IN LB / ACRE / APPLICATION, AVG","NITROGEN",22
"540",1994,"NORTH CAROLINA",37," APPLICATIONS, MEASURED IN LB / ACRE / APPLICATION, AVG","PHOSPHATE",82
"541",1994,"NORTH CAROLINA",37," APPLICATIONS, MEASURED IN LB / ACRE / APPLICATION, AVG","POTASH",20
"542",1994,"NORTH CAROLINA",37," APPLICATIONS, MEASURED IN LB / ACRE / YEAR, AVG","NITROGEN",142
"543",1994,"NORTH CAROLINA",37," APPLICATIONS, MEASURED IN LB / ACRE / YEAR, AVG","PHOSPHATE",111
"544",1994,"NORTH CAROLINA",37," APPLICATIONS, MEASURED IN LB / ACRE / YEAR, AVG","POTASH",119
"545",1994,"NORTH CAROLINA",37," APPLICATIONS, MEASURED IN NUMBER, AVG","NITROGEN",6.6
"546",1994,"NORTH CAROLINA",37," APPLICATIONS, MEASURED IN NUMBER, AVG","PHOSPHATE",1.3
"547",1994,"NORTH CAROLINA",37," APPLICATIONS, MEASURED IN NUMBER, AVG","POTASH",5.9
"548",1994,"NORTH CAROLINA",37," TREATED, MEASURED IN PCT OF AREA BEARING, AVG","NITROGEN",96
"549",1994,"NORTH CAROLINA",37," TREATED, MEASURED IN PCT OF AREA BEARING, AVG","PHOSPHATE",92
"550",1994,"NORTH CAROLINA",37," TREATED, MEASURED IN PCT OF AREA BEARING, AVG","POTASH",92
"551",1994,"OREGON",41," APPLICATIONS, MEASURED IN LB","NITROGEN",416000
"552",1994,"OREGON",41," APPLICATIONS, MEASURED IN LB","PHOSPHATE",822000
"553",1994,"OREGON",41," APPLICATIONS, MEASURED IN LB","POTASH",607000
"554",1994,"OREGON",41," APPLICATIONS, MEASURED IN LB / ACRE / APPLICATION, AVG","NITROGEN",41
"555",1994,"OREGON",41," APPLICATIONS, MEASURED IN LB / ACRE / APPLICATION, AVG","PHOSPHATE",89
"556",1994,"OREGON",41," APPLICATIONS, MEASURED IN LB / ACRE / APPLICATION, AVG","POTASH",65
"557",1994,"OREGON",41," APPLICATIONS, MEASURED IN LB / ACRE / YEAR, AVG","NITROGEN",72
"558",1994,"OREGON",41," APPLICATIONS, MEASURED IN LB / ACRE / YEAR, AVG","PHOSPHATE",144
"559",1994,"OREGON",41," APPLICATIONS, MEASURED IN LB / ACRE / YEAR, AVG","POTASH",113
"560",1994,"OREGON",41," APPLICATIONS, MEASURED IN NUMBER, AVG","NITROGEN",1.7
"561",1994,"OREGON",41," APPLICATIONS, MEASURED IN NUMBER, AVG","PHOSPHATE",1.6
"562",1994,"OREGON",41," APPLICATIONS, MEASURED IN NUMBER, AVG","POTASH",1.8
"563",1994,"OREGON",41," TREATED, MEASURED IN PCT OF AREA BEARING, AVG","NITROGEN",91
"564",1994,"OREGON",41," TREATED, MEASURED IN PCT OF AREA BEARING, AVG","PHOSPHATE",91
"565",1994,"OREGON",41," TREATED, MEASURED IN PCT OF AREA BEARING, AVG","POTASH",85
"566",1994,"WASHINGTON",53," APPLICATIONS, MEASURED IN LB","NITROGEN",55000
"567",1994,"WASHINGTON",53," APPLICATIONS, MEASURED IN LB","PHOSPHATE",183000
"568",1994,"WASHINGTON",53," APPLICATIONS, MEASURED IN LB","POTASH",146000
"569",1994,"WASHINGTON",53," APPLICATIONS, MEASURED IN LB / ACRE / APPLICATION, AVG","NITROGEN",32
"570",1994,"WASHINGTON",53," APPLICATIONS, MEASURED IN LB / ACRE / APPLICATION, AVG","PHOSPHATE",87
"571",1994,"WASHINGTON",53," APPLICATIONS, MEASURED IN LB / ACRE / APPLICATION, AVG","POTASH",82
"572",1994,"WASHINGTON",53," APPLICATIONS, MEASURED IN LB / ACRE / YEAR, AVG","NITROGEN",43
"573",1994,"WASHINGTON",53," APPLICATIONS, MEASURED IN LB / ACRE / YEAR, AVG","PHOSPHATE",144
"574",1994,"WASHINGTON",53," APPLICATIONS, MEASURED IN LB / ACRE / YEAR, AVG","POTASH",132
"575",1994,"WASHINGTON",53," APPLICATIONS, MEASURED IN NUMBER, AVG","NITROGEN",1.3
"576",1994,"WASHINGTON",53," APPLICATIONS, MEASURED IN NUMBER, AVG","PHOSPHATE",1.7
"577",1994,"WASHINGTON",53," APPLICATIONS, MEASURED IN NUMBER, AVG","POTASH",1.6
"578",1994,"WASHINGTON",53," TREATED, MEASURED IN PCT OF AREA BEARING, AVG","NITROGEN",91
"579",1994,"WASHINGTON",53," TREATED, MEASURED IN PCT OF AREA BEARING, AVG","PHOSPHATE",91
"580",1994,"WASHINGTON",53," TREATED, MEASURED IN PCT OF AREA BEARING, AVG","POTASH",79
"581",1992,"CALIFORNIA",6," APPLICATIONS, MEASURED IN LB","NITROGEN",6012000
"582",1992,"CALIFORNIA",6," APPLICATIONS, MEASURED IN LB","PHOSPHATE",1591000
"583",1992,"CALIFORNIA",6," APPLICATIONS, MEASURED IN LB","POTASH",1402000
"584",1992,"CALIFORNIA",6," APPLICATIONS, MEASURED IN LB / ACRE / APPLICATION, AVG","NITROGEN",19
"585",1992,"CALIFORNIA",6," APPLICATIONS, MEASURED IN LB / ACRE / APPLICATION, AVG","PHOSPHATE",23
"586",1992,"CALIFORNIA",6," APPLICATIONS, MEASURED IN LB / ACRE / APPLICATION, AVG","POTASH",21
"587",1992,"CALIFORNIA",6," APPLICATIONS, MEASURED IN LB / ACRE / YEAR, AVG","NITROGEN",280
"588",1992,"CALIFORNIA",6," APPLICATIONS, MEASURED IN LB / ACRE / YEAR, AVG","PHOSPHATE",83
"589",1992,"CALIFORNIA",6," APPLICATIONS, MEASURED IN LB / ACRE / YEAR, AVG","POTASH",85
"590",1992,"CALIFORNIA",6," APPLICATIONS, MEASURED IN NUMBER, AVG","NITROGEN",14.8
"591",1992,"CALIFORNIA",6," APPLICATIONS, MEASURED IN NUMBER, AVG","PHOSPHATE",3.7
"592",1992,"CALIFORNIA",6," APPLICATIONS, MEASURED IN NUMBER, AVG","POTASH",4
"593",1992,"CALIFORNIA",6," TREATED, MEASURED IN PCT OF AREA BEARING, AVG","NITROGEN",92
"594",1992,"CALIFORNIA",6," TREATED, MEASURED IN PCT OF AREA BEARING, AVG","PHOSPHATE",82
"595",1992,"CALIFORNIA",6," TREATED, MEASURED IN PCT OF AREA BEARING, AVG","POTASH",70
"596",1992,"FLORIDA",12," APPLICATIONS, MEASURED IN LB","NITROGEN",634000
"597",1992,"FLORIDA",12," APPLICATIONS, MEASURED IN LB","PHOSPHATE",279000
"598",1992,"FLORIDA",12," APPLICATIONS, MEASURED IN LB","POTASH",850000
"599",1992,"FLORIDA",12," APPLICATIONS, MEASURED IN LB / ACRE / APPLICATION, AVG","NITROGEN",2
"600",1992,"FLORIDA",12," APPLICATIONS, MEASURED IN LB / ACRE / APPLICATION, AVG","PHOSPHATE",1
"601",1992,"FLORIDA",12," APPLICATIONS, MEASURED IN LB / ACRE / APPLICATION, AVG","POTASH",2
"602",1992,"FLORIDA",12," APPLICATIONS, MEASURED IN LB / ACRE / YEAR, AVG","NITROGEN",135
"603",1992,"FLORIDA",12," APPLICATIONS, MEASURED IN LB / ACRE / YEAR, AVG","PHOSPHATE",72
"604",1992,"FLORIDA",12," APPLICATIONS, MEASURED IN LB / ACRE / YEAR, AVG","POTASH",181
"605",1992,"FLORIDA",12," APPLICATIONS, MEASURED IN NUMBER, AVG","NITROGEN",85.9
"606",1992,"FLORIDA",12," APPLICATIONS, MEASURED IN NUMBER, AVG","PHOSPHATE",71.9
"607",1992,"FLORIDA",12," APPLICATIONS, MEASURED IN NUMBER, AVG","POTASH",85.9
"608",1992,"FLORIDA",12," TREATED, MEASURED IN PCT OF AREA BEARING, AVG","NITROGEN",100
"609",1992,"FLORIDA",12," TREATED, MEASURED IN PCT OF AREA BEARING, AVG","PHOSPHATE",83
"610",1992,"FLORIDA",12," TREATED, MEASURED IN PCT OF AREA BEARING, AVG","POTASH",100
"611",1992,"NEW YORK",36," APPLICATIONS, MEASURED IN LB","NITROGEN",288000
"612",1992,"NEW YORK",36," APPLICATIONS, MEASURED IN LB","PHOSPHATE",213000
"613",1992,"NEW YORK",36," APPLICATIONS, MEASURED IN LB","POTASH",228000
"614",1992,"NEW YORK",36," APPLICATIONS, MEASURED IN LB / ACRE / APPLICATION, AVG","NITROGEN",47
"615",1992,"NEW YORK",36," APPLICATIONS, MEASURED IN LB / ACRE / APPLICATION, AVG","PHOSPHATE",48
"616",1992,"NEW YORK",36," APPLICATIONS, MEASURED IN LB / ACRE / APPLICATION, AVG","POTASH",51
"617",1992,"NEW YORK",36," APPLICATIONS, MEASURED IN LB / ACRE / YEAR, AVG","NITROGEN",83
"618",1992,"NEW YORK",36," APPLICATIONS, MEASURED IN LB / ACRE / YEAR, AVG","PHOSPHATE",64
"619",1992,"NEW YORK",36," APPLICATIONS, MEASURED IN LB / ACRE / YEAR, AVG","POTASH",69
"620",1992,"NEW YORK",36," APPLICATIONS, MEASURED IN NUMBER, AVG","NITROGEN",1.8
"621",1992,"NEW YORK",36," APPLICATIONS, MEASURED IN NUMBER, AVG","PHOSPHATE",1.3
"622",1992,"NEW YORK",36," APPLICATIONS, MEASURED IN NUMBER, AVG","POTASH",1.3
"623",1992,"NEW YORK",36," TREATED, MEASURED IN PCT OF AREA BEARING, AVG","NITROGEN",89
"624",1992,"NEW YORK",36," TREATED, MEASURED IN PCT OF AREA BEARING, AVG","PHOSPHATE",85
"625",1992,"NEW YORK",36," TREATED, MEASURED IN PCT OF AREA BEARING, AVG","POTASH",85
"626",1992,"NORTH CAROLINA",37," APPLICATIONS, MEASURED IN LB","NITROGEN",220000
"627",1992,"NORTH CAROLINA",37," APPLICATIONS, MEASURED IN LB","PHOSPHATE",105000
"628",1992,"NORTH CAROLINA",37," APPLICATIONS, MEASURED IN LB","POTASH",136000
"629",1992,"NORTH CAROLINA",37," APPLICATIONS, MEASURED IN LB / ACRE / APPLICATION, AVG","NITROGEN",50
"630",1992,"NORTH CAROLINA",37," APPLICATIONS, MEASURED IN LB / ACRE / APPLICATION, AVG","PHOSPHATE",44
"631",1992,"NORTH CAROLINA",37," APPLICATIONS, MEASURED IN LB / ACRE / APPLICATION, AVG","POTASH",50
"632",1992,"NORTH CAROLINA",37," APPLICATIONS, MEASURED IN LB / ACRE / YEAR, AVG","NITROGEN",92
"633",1992,"NORTH CAROLINA",37," APPLICATIONS, MEASURED IN LB / ACRE / YEAR, AVG","PHOSPHATE",59
"634",1992,"NORTH CAROLINA",37," APPLICATIONS, MEASURED IN LB / ACRE / YEAR, AVG","POTASH",71
"635",1992,"NORTH CAROLINA",37," APPLICATIONS, MEASURED IN NUMBER, AVG","NITROGEN",1.8
"636",1992,"NORTH CAROLINA",37," APPLICATIONS, MEASURED IN NUMBER, AVG","PHOSPHATE",1.4
"637",1992,"NORTH CAROLINA",37," APPLICATIONS, MEASURED IN NUMBER, AVG","POTASH",1.4
"638",1992,"NORTH CAROLINA",37," TREATED, MEASURED IN PCT OF AREA BEARING, AVG","NITROGEN",100
"639",1992,"NORTH CAROLINA",37," TREATED, MEASURED IN PCT OF AREA BEARING, AVG","PHOSPHATE",74
"640",1992,"NORTH CAROLINA",37," TREATED, MEASURED IN PCT OF AREA BEARING, AVG","POTASH",81
"641",1992,"OREGON",41," APPLICATIONS, MEASURED IN LB","NITROGEN",344000
"642",1992,"OREGON",41," APPLICATIONS, MEASURED IN LB","PHOSPHATE",676000
"643",1992,"OREGON",41," APPLICATIONS, MEASURED IN LB","POTASH",485000
"644",1992,"OREGON",41," APPLICATIONS, MEASURED IN LB / ACRE / APPLICATION, AVG","NITROGEN",46
"645",1992,"OREGON",41," APPLICATIONS, MEASURED IN LB / ACRE / APPLICATION, AVG","PHOSPHATE",97
"646",1992,"OREGON",41," APPLICATIONS, MEASURED IN LB / ACRE / APPLICATION, AVG","POTASH",67
"647",1992,"OREGON",41," APPLICATIONS, MEASURED IN LB / ACRE / YEAR, AVG","NITROGEN",57
"648",1992,"OREGON",41," APPLICATIONS, MEASURED IN LB / ACRE / YEAR, AVG","PHOSPHATE",112
"649",1992,"OREGON",41," APPLICATIONS, MEASURED IN LB / ACRE / YEAR, AVG","POTASH",83
"650",1992,"OREGON",41," APPLICATIONS, MEASURED IN NUMBER, AVG","NITROGEN",1.2
"651",1992,"OREGON",41," APPLICATIONS, MEASURED IN NUMBER, AVG","PHOSPHATE",1.2
"652",1992,"OREGON",41," APPLICATIONS, MEASURED IN NUMBER, AVG","POTASH",1.2
"653",1992,"OREGON",41," TREATED, MEASURED IN PCT OF AREA BEARING, AVG","NITROGEN",98
"654",1992,"OREGON",41," TREATED, MEASURED IN PCT OF AREA BEARING, AVG","PHOSPHATE",97
"655",1992,"OREGON",41," TREATED, MEASURED IN PCT OF AREA BEARING, AVG","POTASH",94
"656",1992,"WASHINGTON",53," APPLICATIONS, MEASURED IN LB","NITROGEN",49000
"657",1992,"WASHINGTON",53," APPLICATIONS, MEASURED IN LB","PHOSPHATE",175000
"658",1992,"WASHINGTON",53," APPLICATIONS, MEASURED IN LB","POTASH",165000
"659",1992,"WASHINGTON",53," APPLICATIONS, MEASURED IN LB / ACRE / APPLICATION, AVG","NITROGEN",27
"660",1992,"WASHINGTON",53," APPLICATIONS, MEASURED IN LB / ACRE / APPLICATION, AVG","PHOSPHATE",75
"661",1992,"WASHINGTON",53," APPLICATIONS, MEASURED IN LB / ACRE / APPLICATION, AVG","POTASH",79
"662",1992,"WASHINGTON",53," APPLICATIONS, MEASURED IN LB / ACRE / YEAR, AVG","NITROGEN",32
"663",1992,"WASHINGTON",53," APPLICATIONS, MEASURED IN LB / ACRE / YEAR, AVG","PHOSPHATE",116
"664",1992,"WASHINGTON",53," APPLICATIONS, MEASURED IN LB / ACRE / YEAR, AVG","POTASH",115
"665",1992,"WASHINGTON",53," APPLICATIONS, MEASURED IN NUMBER, AVG","NITROGEN",1.2
"666",1992,"WASHINGTON",53," APPLICATIONS, MEASURED IN NUMBER, AVG","PHOSPHATE",1.5
"667",1992,"WASHINGTON",53," APPLICATIONS, MEASURED IN NUMBER, AVG","POTASH",1.5
"668",1992,"WASHINGTON",53," TREATED, MEASURED IN PCT OF AREA BEARING, AVG","NITROGEN",97
"669",1992,"WASHINGTON",53," TREATED, MEASURED IN PCT OF AREA BEARING, AVG","PHOSPHATE",95
"670",1992,"WASHINGTON",53," TREATED, MEASURED IN PCT OF AREA BEARING, AVG","POTASH",90
"671",1990,"FLORIDA",12," APPLICATIONS, MEASURED IN LB","NITROGEN",1211000
"672",1990,"FLORIDA",12," APPLICATIONS, MEASURED IN LB","PHOSPHATE",473000
"673",1990,"FLORIDA",12," APPLICATIONS, MEASURED IN LB","POTASH",1442000
"674",1990,"FLORIDA",12," APPLICATIONS, MEASURED IN LB / ACRE / APPLICATION, AVG","NITROGEN",12
"675",1990,"FLORIDA",12," APPLICATIONS, MEASURED IN LB / ACRE / APPLICATION, AVG","PHOSPHATE",6
"676",1990,"FLORIDA",12," APPLICATIONS, MEASURED IN LB / ACRE / APPLICATION, AVG","POTASH",14
"677",1990,"FLORIDA",12," APPLICATIONS, MEASURED IN LB / ACRE / YEAR, AVG","NITROGEN",234
"678",1990,"FLORIDA",12," APPLICATIONS, MEASURED IN LB / ACRE / YEAR, AVG","PHOSPHATE",95
"679",1990,"FLORIDA",12," APPLICATIONS, MEASURED IN LB / ACRE / YEAR, AVG","POTASH",279
"680",1990,"FLORIDA",12," APPLICATIONS, MEASURED IN NUMBER, AVG","NITROGEN",19.5
"681",1990,"FLORIDA",12," APPLICATIONS, MEASURED IN NUMBER, AVG","PHOSPHATE",15.4
"682",1990,"FLORIDA",12," APPLICATIONS, MEASURED IN NUMBER, AVG","POTASH",19.5
"683",1990,"FLORIDA",12," TREATED, MEASURED IN PCT OF AREA BEARING, AVG","NITROGEN",96
"684",1990,"FLORIDA",12," TREATED, MEASURED IN PCT OF AREA BEARING, AVG","PHOSPHATE",93
"685",1990,"FLORIDA",12," TREATED, MEASURED IN PCT OF AREA BEARING, AVG","POTASH",96
