"Program","Year","Period","Week.Ending","Geo.Level","State","State.ANSI","Ag.District","Ag.District.Code","County","County.ANSI","Zip.Code","Region","watershed_code","Watershed","Commodity","Data.Item","Domain","Domain.Category","Value","CV...."
"CENSUS",2021,"YEAR",NA,"STATE","CALIFORNIA",6,NA,NA,NA,NA,NA,NA,0,NA,"STRAWBERRIES","STRAWBERRIES, ORGANIC - ACRES HARVESTED","ORGANIC STATUS","ORGANIC STATUS: (NOP USDA CERTIFIED)","4,228","45.7"
"CENSUS",2021,"YEAR",NA,"STATE","CALIFORNIA",6,NA,NA,NA,NA,NA,NA,0,NA,"STRAWBERRIES","STRAWBERRIES, ORGANIC - OPERATIONS WITH AREA HARVESTED","ORGANIC STATUS","ORGANIC STATUS: (NOP USDA CERTIFIED)","142","19.2"
"CENSUS",2021,"YEAR",NA,"STATE","CALIFORNIA",6,NA,NA,NA,NA,NA,NA,0,NA,"STRAWBERRIES","STRAWBERRIES, ORGANIC - OPERATIONS WITH SALES","ORGANIC STATUS","ORGANIC STATUS: (NOP USDA CERTIFIED)","142","19.2"
"CENSUS",2021,"YEAR",NA,"STATE","CALIFORNIA",6,NA,NA,NA,NA,NA,NA,0,NA,"STRAWBERRIES","STRAWBERRIES, ORGANIC - PRODUCTION, MEASURED IN CWT","ORGANIC STATUS","ORGANIC STATUS: (NOP USDA CERTIFIED)","1,413,251","51.6"
"CENSUS",2021,"YEAR",NA,"STATE","CALIFORNIA",6,NA,NA,NA,NA,NA,NA,0,NA,"STRAWBERRIES","STRAWBERRIES, ORGANIC - SALES, MEASURED IN $","ORGANIC STATUS","ORGANIC STATUS: (NOP USDA CERTIFIED)","311,784,980","46.0"
"CENSUS",2021,"YEAR",NA,"STATE","CALIFORNIA",6,NA,NA,NA,NA,NA,NA,0,NA,"STRAWBERRIES","STRAWBERRIES, ORGANIC - SALES, MEASURED IN CWT","ORGANIC STATUS","ORGANIC STATUS: (NOP USDA CERTIFIED)","1,412,627","51.7"
"CENSUS",2021,"YEAR",NA,"STATE","CALIFORNIA",6,NA,NA,NA,NA,NA,NA,0,NA,"STRAWBERRIES","STRAWBERRIES, ORGANIC, FRESH MARKET - OPERATIONS WITH SALES","ORGANIC STATUS","ORGANIC STATUS: (NOP USDA CERTIFIED)","141","20.4"
"CENSUS",2021,"YEAR",NA,"STATE","CALIFORNIA",6,NA,NA,NA,NA,NA,NA,0,NA,"STRAWBERRIES","STRAWBERRIES, ORGANIC, FRESH MARKET - SALES, MEASURED IN $","ORGANIC STATUS","ORGANIC STATUS: (NOP USDA CERTIFIED)"," (D)","(D)"
"CENSUS",2021,"YEAR",NA,"STATE","CALIFORNIA",6,NA,NA,NA,NA,NA,NA,0,NA,"STRAWBERRIES","STRAWBERRIES, ORGANIC, FRESH MARKET - SALES, MEASURED IN CWT","ORGANIC STATUS","ORGANIC STATUS: (NOP USDA CERTIFIED)","1,401,384","50.6"
"CENSUS",2021,"YEAR",NA,"STATE","CALIFORNIA",6,NA,NA,NA,NA,NA,NA,0,NA,"STRAWBERRIES","STRAWBERRIES, ORGANIC, PROCESSING - OPERATIONS WITH SALES","ORGANIC STATUS","ORGANIC STATUS: (NOP USDA CERTIFIED)","7","60.0"
"CENSUS",2021,"YEAR",NA,"STATE","CALIFORNIA",6,NA,NA,NA,NA,NA,NA,0,NA,"STRAWBERRIES","STRAWBERRIES, ORGANIC, PROCESSING - SALES, MEASURED IN $","ORGANIC STATUS","ORGANIC STATUS: (NOP USDA CERTIFIED)"," (D)","(D)"
"CENSUS",2021,"YEAR",NA,"STATE","CALIFORNIA",6,NA,NA,NA,NA,NA,NA,0,NA,"STRAWBERRIES","STRAWBERRIES, ORGANIC, PROCESSING - SALES, MEASURED IN CWT","ORGANIC STATUS","ORGANIC STATUS: (NOP USDA CERTIFIED)","11,244","(H)"
"CENSUS",2021,"YEAR",NA,"STATE","FLORIDA",12,NA,NA,NA,NA,NA,NA,0,NA,"STRAWBERRIES","STRAWBERRIES, ORGANIC - ACRES HARVESTED","ORGANIC STATUS","ORGANIC STATUS: (NOP USDA CERTIFIED)","704","99.8"
"CENSUS",2021,"YEAR",NA,"STATE","FLORIDA",12,NA,NA,NA,NA,NA,NA,0,NA,"STRAWBERRIES","STRAWBERRIES, ORGANIC - OPERATIONS WITH AREA HARVESTED","ORGANIC STATUS","ORGANIC STATUS: (NOP USDA CERTIFIED)","10","57.3"
"CENSUS",2021,"YEAR",NA,"STATE","FLORIDA",12,NA,NA,NA,NA,NA,NA,0,NA,"STRAWBERRIES","STRAWBERRIES, ORGANIC - OPERATIONS WITH SALES","ORGANIC STATUS","ORGANIC STATUS: (NOP USDA CERTIFIED)","10","57.3"
"CENSUS",2021,"YEAR",NA,"STATE","FLORIDA",12,NA,NA,NA,NA,NA,NA,0,NA,"STRAWBERRIES","STRAWBERRIES, ORGANIC - PRODUCTION, MEASURED IN CWT","ORGANIC STATUS","ORGANIC STATUS: (NOP USDA CERTIFIED)","67,146","(H)"
"CENSUS",2021,"YEAR",NA,"STATE","FLORIDA",12,NA,NA,NA,NA,NA,NA,0,NA,"STRAWBERRIES","STRAWBERRIES, ORGANIC - SALES, MEASURED IN $","ORGANIC STATUS","ORGANIC STATUS: (NOP USDA CERTIFIED)","18,358,396","(H)"
"CENSUS",2021,"YEAR",NA,"STATE","FLORIDA",12,NA,NA,NA,NA,NA,NA,0,NA,"STRAWBERRIES","STRAWBERRIES, ORGANIC - SALES, MEASURED IN CWT","ORGANIC STATUS","ORGANIC STATUS: (NOP USDA CERTIFIED)","67,146","(H)"
"CENSUS",2021,"YEAR",NA,"STATE","FLORIDA",12,NA,NA,NA,NA,NA,NA,0,NA,"STRAWBERRIES","STRAWBERRIES, ORGANIC, FRESH MARKET - OPERATIONS WITH SALES","ORGANIC STATUS","ORGANIC STATUS: (NOP USDA CERTIFIED)","10","57.3"
"CENSUS",2021,"YEAR",NA,"STATE","FLORIDA",12,NA,NA,NA,NA,NA,NA,0,NA,"STRAWBERRIES","STRAWBERRIES, ORGANIC, FRESH MARKET - SALES, MEASURED IN $","ORGANIC STATUS","ORGANIC STATUS: (NOP USDA CERTIFIED)","18,358,396","(H)"
"CENSUS",2021,"YEAR",NA,"STATE","FLORIDA",12,NA,NA,NA,NA,NA,NA,0,NA,"STRAWBERRIES","STRAWBERRIES, ORGANIC, FRESH MARKET - SALES, MEASURED IN CWT","ORGANIC STATUS","ORGANIC STATUS: (NOP USDA CERTIFIED)","67,146","(H)"
"CENSUS",2021,"YEAR",NA,"STATE","NEW YORK",36,NA,NA,NA,NA,NA,NA,0,NA,"STRAWBERRIES","STRAWBERRIES, ORGANIC - ACRES HARVESTED","ORGANIC STATUS","ORGANIC STATUS: (NOP USDA CERTIFIED)","38","42.2"
"CENSUS",2021,"YEAR",NA,"STATE","NEW YORK",36,NA,NA,NA,NA,NA,NA,0,NA,"STRAWBERRIES","STRAWBERRIES, ORGANIC - OPERATIONS WITH AREA HARVESTED","ORGANIC STATUS","ORGANIC STATUS: (NOP USDA CERTIFIED)","45","26.4"
"CENSUS",2021,"YEAR",NA,"STATE","NEW YORK",36,NA,NA,NA,NA,NA,NA,0,NA,"STRAWBERRIES","STRAWBERRIES, ORGANIC - OPERATIONS WITH SALES","ORGANIC STATUS","ORGANIC STATUS: (NOP USDA CERTIFIED)","45","26.4"
"CENSUS",2021,"YEAR",NA,"STATE","NEW YORK",36,NA,NA,NA,NA,NA,NA,0,NA,"STRAWBERRIES","STRAWBERRIES, ORGANIC - PRODUCTION, MEASURED IN CWT","ORGANIC STATUS","ORGANIC STATUS: (NOP USDA CERTIFIED)","1,755","32.6"
"CENSUS",2021,"YEAR",NA,"STATE","NEW YORK",36,NA,NA,NA,NA,NA,NA,0,NA,"STRAWBERRIES","STRAWBERRIES, ORGANIC - SALES, MEASURED IN $","ORGANIC STATUS","ORGANIC STATUS: (NOP USDA CERTIFIED)","633,111","44.5"
"CENSUS",2021,"YEAR",NA,"STATE","NEW YORK",36,NA,NA,NA,NA,NA,NA,0,NA,"STRAWBERRIES","STRAWBERRIES, ORGANIC - SALES, MEASURED IN CWT","ORGANIC STATUS","ORGANIC STATUS: (NOP USDA CERTIFIED)","1,755","32.6"
"CENSUS",2021,"YEAR",NA,"STATE","NEW YORK",36,NA,NA,NA,NA,NA,NA,0,NA,"STRAWBERRIES","STRAWBERRIES, ORGANIC, FRESH MARKET - OPERATIONS WITH SALES","ORGANIC STATUS","ORGANIC STATUS: (NOP USDA CERTIFIED)","43","25.3"
"CENSUS",2021,"YEAR",NA,"STATE","NEW YORK",36,NA,NA,NA,NA,NA,NA,0,NA,"STRAWBERRIES","STRAWBERRIES, ORGANIC, FRESH MARKET - SALES, MEASURED IN $","ORGANIC STATUS","ORGANIC STATUS: (NOP USDA CERTIFIED)"," (D)","(D)"
"CENSUS",2021,"YEAR",NA,"STATE","NEW YORK",36,NA,NA,NA,NA,NA,NA,0,NA,"STRAWBERRIES","STRAWBERRIES, ORGANIC, FRESH MARKET - SALES, MEASURED IN CWT","ORGANIC STATUS","ORGANIC STATUS: (NOP USDA CERTIFIED)"," (D)","(D)"
"CENSUS",2021,"YEAR",NA,"STATE","NEW YORK",36,NA,NA,NA,NA,NA,NA,0,NA,"STRAWBERRIES","STRAWBERRIES, ORGANIC, PROCESSING - OPERATIONS WITH SALES","ORGANIC STATUS","ORGANIC STATUS: (NOP USDA CERTIFIED)","2","94.9"
"CENSUS",2021,"YEAR",NA,"STATE","NEW YORK",36,NA,NA,NA,NA,NA,NA,0,NA,"STRAWBERRIES","STRAWBERRIES, ORGANIC, PROCESSING - SALES, MEASURED IN $","ORGANIC STATUS","ORGANIC STATUS: (NOP USDA CERTIFIED)"," (D)","(D)"
"CENSUS",2021,"YEAR",NA,"STATE","NEW YORK",36,NA,NA,NA,NA,NA,NA,0,NA,"STRAWBERRIES","STRAWBERRIES, ORGANIC, PROCESSING - SALES, MEASURED IN CWT","ORGANIC STATUS","ORGANIC STATUS: (NOP USDA CERTIFIED)"," (D)","(D)"
"CENSUS",2021,"YEAR",NA,"STATE","NORTH CAROLINA",37,NA,NA,NA,NA,NA,NA,0,NA,"STRAWBERRIES","STRAWBERRIES, ORGANIC - ACRES HARVESTED","ORGANIC STATUS","ORGANIC STATUS: (NOP USDA CERTIFIED)","6","76.7"
"CENSUS",2021,"YEAR",NA,"STATE","NORTH CAROLINA",37,NA,NA,NA,NA,NA,NA,0,NA,"STRAWBERRIES","STRAWBERRIES, ORGANIC - OPERATIONS WITH AREA HARVESTED","ORGANIC STATUS","ORGANIC STATUS: (NOP USDA CERTIFIED)","4","68.3"
"CENSUS",2021,"YEAR",NA,"STATE","NORTH CAROLINA",37,NA,NA,NA,NA,NA,NA,0,NA,"STRAWBERRIES","STRAWBERRIES, ORGANIC - OPERATIONS WITH SALES","ORGANIC STATUS","ORGANIC STATUS: (NOP USDA CERTIFIED)","4","68.3"
"CENSUS",2021,"YEAR",NA,"STATE","NORTH CAROLINA",37,NA,NA,NA,NA,NA,NA,0,NA,"STRAWBERRIES","STRAWBERRIES, ORGANIC - PRODUCTION, MEASURED IN CWT","ORGANIC STATUS","ORGANIC STATUS: (NOP USDA CERTIFIED)","734","89.2"
"CENSUS",2021,"YEAR",NA,"STATE","NORTH CAROLINA",37,NA,NA,NA,NA,NA,NA,0,NA,"STRAWBERRIES","STRAWBERRIES, ORGANIC - SALES, MEASURED IN $","ORGANIC STATUS","ORGANIC STATUS: (NOP USDA CERTIFIED)","190,000","(H)"
"CENSUS",2021,"YEAR",NA,"STATE","NORTH CAROLINA",37,NA,NA,NA,NA,NA,NA,0,NA,"STRAWBERRIES","STRAWBERRIES, ORGANIC - SALES, MEASURED IN CWT","ORGANIC STATUS","ORGANIC STATUS: (NOP USDA CERTIFIED)","734","89.2"
"CENSUS",2021,"YEAR",NA,"STATE","NORTH CAROLINA",37,NA,NA,NA,NA,NA,NA,0,NA,"STRAWBERRIES","STRAWBERRIES, ORGANIC, FRESH MARKET - OPERATIONS WITH SALES","ORGANIC STATUS","ORGANIC STATUS: (NOP USDA CERTIFIED)","4","68.3"
"CENSUS",2021,"YEAR",NA,"STATE","NORTH CAROLINA",37,NA,NA,NA,NA,NA,NA,0,NA,"STRAWBERRIES","STRAWBERRIES, ORGANIC, FRESH MARKET - SALES, MEASURED IN $","ORGANIC STATUS","ORGANIC STATUS: (NOP USDA CERTIFIED)","190,000","(H)"
"CENSUS",2021,"YEAR",NA,"STATE","NORTH CAROLINA",37,NA,NA,NA,NA,NA,NA,0,NA,"STRAWBERRIES","STRAWBERRIES, ORGANIC, FRESH MARKET - SALES, MEASURED IN CWT","ORGANIC STATUS","ORGANIC STATUS: (NOP USDA CERTIFIED)","734","89.2"
"CENSUS",2021,"YEAR",NA,"STATE","OREGON",41,NA,NA,NA,NA,NA,NA,0,NA,"STRAWBERRIES","STRAWBERRIES, ORGANIC - ACRES HARVESTED","ORGANIC STATUS","ORGANIC STATUS: (NOP USDA CERTIFIED)","27","(H)"
"CENSUS",2021,"YEAR",NA,"STATE","OREGON",41,NA,NA,NA,NA,NA,NA,0,NA,"STRAWBERRIES","STRAWBERRIES, ORGANIC - OPERATIONS WITH AREA HARVESTED","ORGANIC STATUS","ORGANIC STATUS: (NOP USDA CERTIFIED)","26","54.2"
"CENSUS",2021,"YEAR",NA,"STATE","OREGON",41,NA,NA,NA,NA,NA,NA,0,NA,"STRAWBERRIES","STRAWBERRIES, ORGANIC - OPERATIONS WITH SALES","ORGANIC STATUS","ORGANIC STATUS: (NOP USDA CERTIFIED)","26","54.2"
"CENSUS",2021,"YEAR",NA,"STATE","OREGON",41,NA,NA,NA,NA,NA,NA,0,NA,"STRAWBERRIES","STRAWBERRIES, ORGANIC - PRODUCTION, MEASURED IN CWT","ORGANIC STATUS","ORGANIC STATUS: (NOP USDA CERTIFIED)","1,362","84.2"
"CENSUS",2021,"YEAR",NA,"STATE","OREGON",41,NA,NA,NA,NA,NA,NA,0,NA,"STRAWBERRIES","STRAWBERRIES, ORGANIC - SALES, MEASURED IN $","ORGANIC STATUS","ORGANIC STATUS: (NOP USDA CERTIFIED)","895,054","(H)"
"CENSUS",2021,"YEAR",NA,"STATE","OREGON",41,NA,NA,NA,NA,NA,NA,0,NA,"STRAWBERRIES","STRAWBERRIES, ORGANIC - SALES, MEASURED IN CWT","ORGANIC STATUS","ORGANIC STATUS: (NOP USDA CERTIFIED)","1,362","84.2"
"CENSUS",2021,"YEAR",NA,"STATE","OREGON",41,NA,NA,NA,NA,NA,NA,0,NA,"STRAWBERRIES","STRAWBERRIES, ORGANIC, FRESH MARKET - OPERATIONS WITH SALES","ORGANIC STATUS","ORGANIC STATUS: (NOP USDA CERTIFIED)","26","54.2"
"CENSUS",2021,"YEAR",NA,"STATE","OREGON",41,NA,NA,NA,NA,NA,NA,0,NA,"STRAWBERRIES","STRAWBERRIES, ORGANIC, FRESH MARKET - SALES, MEASURED IN $","ORGANIC STATUS","ORGANIC STATUS: (NOP USDA CERTIFIED)","895,054","(H)"
"CENSUS",2021,"YEAR",NA,"STATE","OREGON",41,NA,NA,NA,NA,NA,NA,0,NA,"STRAWBERRIES","STRAWBERRIES, ORGANIC, FRESH MARKET - SALES, MEASURED IN CWT","ORGANIC STATUS","ORGANIC STATUS: (NOP USDA CERTIFIED)","1,362","84.2"
"CENSUS",2021,"YEAR",NA,"STATE","WASHINGTON",53,NA,NA,NA,NA,NA,NA,0,NA,"STRAWBERRIES","STRAWBERRIES, ORGANIC - ACRES HARVESTED","ORGANIC STATUS","ORGANIC STATUS: (NOP USDA CERTIFIED)","40","41.1"
"CENSUS",2021,"YEAR",NA,"STATE","WASHINGTON",53,NA,NA,NA,NA,NA,NA,0,NA,"STRAWBERRIES","STRAWBERRIES, ORGANIC - OPERATIONS WITH AREA HARVESTED","ORGANIC STATUS","ORGANIC STATUS: (NOP USDA CERTIFIED)","49","25.1"
"CENSUS",2021,"YEAR",NA,"STATE","WASHINGTON",53,NA,NA,NA,NA,NA,NA,0,NA,"STRAWBERRIES","STRAWBERRIES, ORGANIC - OPERATIONS WITH SALES","ORGANIC STATUS","ORGANIC STATUS: (NOP USDA CERTIFIED)","49","25.1"
"CENSUS",2021,"YEAR",NA,"STATE","WASHINGTON",53,NA,NA,NA,NA,NA,NA,0,NA,"STRAWBERRIES","STRAWBERRIES, ORGANIC - PRODUCTION, MEASURED IN CWT","ORGANIC STATUS","ORGANIC STATUS: (NOP USDA CERTIFIED)","1,579","53.4"
"CENSUS",2021,"YEAR",NA,"STATE","WASHINGTON",53,NA,NA,NA,NA,NA,NA,0,NA,"STRAWBERRIES","STRAWBERRIES, ORGANIC - SALES, MEASURED IN $","ORGANIC STATUS","ORGANIC STATUS: (NOP USDA CERTIFIED)","870,017","54.0"
"CENSUS",2021,"YEAR",NA,"STATE","WASHINGTON",53,NA,NA,NA,NA,NA,NA,0,NA,"STRAWBERRIES","STRAWBERRIES, ORGANIC - SALES, MEASURED IN CWT","ORGANIC STATUS","ORGANIC STATUS: (NOP USDA CERTIFIED)","1,579","53.4"
"CENSUS",2021,"YEAR",NA,"STATE","WASHINGTON",53,NA,NA,NA,NA,NA,NA,0,NA,"STRAWBERRIES","STRAWBERRIES, ORGANIC, FRESH MARKET - OPERATIONS WITH SALES","ORGANIC STATUS","ORGANIC STATUS: (NOP USDA CERTIFIED)","49","25.1"
"CENSUS",2021,"YEAR",NA,"STATE","WASHINGTON",53,NA,NA,NA,NA,NA,NA,0,NA,"STRAWBERRIES","STRAWBERRIES, ORGANIC, FRESH MARKET - SALES, MEASURED IN $","ORGANIC STATUS","ORGANIC STATUS: (NOP USDA CERTIFIED)","863,231","53.8"
"CENSUS",2021,"YEAR",NA,"STATE","WASHINGTON",53,NA,NA,NA,NA,NA,NA,0,NA,"STRAWBERRIES","STRAWBERRIES, ORGANIC, FRESH MARKET - SALES, MEASURED IN CWT","ORGANIC STATUS","ORGANIC STATUS: (NOP USDA CERTIFIED)","1,499","54.0"
"CENSUS",2021,"YEAR",NA,"STATE","WASHINGTON",53,NA,NA,NA,NA,NA,NA,0,NA,"STRAWBERRIES","STRAWBERRIES, ORGANIC, PROCESSING - OPERATIONS WITH SALES","ORGANIC STATUS","ORGANIC STATUS: (NOP USDA CERTIFIED)","4","73.0"
"CENSUS",2021,"YEAR",NA,"STATE","WASHINGTON",53,NA,NA,NA,NA,NA,NA,0,NA,"STRAWBERRIES","STRAWBERRIES, ORGANIC, PROCESSING - SALES, MEASURED IN $","ORGANIC STATUS","ORGANIC STATUS: (NOP USDA CERTIFIED)","6,786","93.9"
"CENSUS",2021,"YEAR",NA,"STATE","WASHINGTON",53,NA,NA,NA,NA,NA,NA,0,NA,"STRAWBERRIES","STRAWBERRIES, ORGANIC, PROCESSING - SALES, MEASURED IN CWT","ORGANIC STATUS","ORGANIC STATUS: (NOP USDA CERTIFIED)","80","82.3"
"CENSUS",2019,"YEAR",NA,"STATE","CALIFORNIA",6,NA,NA,NA,NA,NA,NA,0,NA,"STRAWBERRIES","STRAWBERRIES, ORGANIC - ACRES HARVESTED","ORGANIC STATUS","ORGANIC STATUS: (NOP USDA CERTIFIED)","4,022","28.7"
"CENSUS",2019,"YEAR",NA,"STATE","CALIFORNIA",6,NA,NA,NA,NA,NA,NA,0,NA,"STRAWBERRIES","STRAWBERRIES, ORGANIC - OPERATIONS WITH AREA HARVESTED","ORGANIC STATUS","ORGANIC STATUS: (NOP USDA CERTIFIED)","174","8.0"
"CENSUS",2019,"YEAR",NA,"STATE","CALIFORNIA",6,NA,NA,NA,NA,NA,NA,0,NA,"STRAWBERRIES","STRAWBERRIES, ORGANIC - OPERATIONS WITH SALES","ORGANIC STATUS","ORGANIC STATUS: (NOP USDA CERTIFIED)","174","8.0"
"CENSUS",2019,"YEAR",NA,"STATE","CALIFORNIA",6,NA,NA,NA,NA,NA,NA,0,NA,"STRAWBERRIES","STRAWBERRIES, ORGANIC - PRODUCTION, MEASURED IN CWT","ORGANIC STATUS","ORGANIC STATUS: (NOP USDA CERTIFIED)","1,384,735","30.4"
"CENSUS",2019,"YEAR",NA,"STATE","CALIFORNIA",6,NA,NA,NA,NA,NA,NA,0,NA,"STRAWBERRIES","STRAWBERRIES, ORGANIC - SALES, MEASURED IN $","ORGANIC STATUS","ORGANIC STATUS: (NOP USDA CERTIFIED)","300,277,717","33.1"
"CENSUS",2019,"YEAR",NA,"STATE","CALIFORNIA",6,NA,NA,NA,NA,NA,NA,0,NA,"STRAWBERRIES","STRAWBERRIES, ORGANIC - SALES, MEASURED IN CWT","ORGANIC STATUS","ORGANIC STATUS: (NOP USDA CERTIFIED)","1,384,016","30.4"
"CENSUS",2019,"YEAR",NA,"STATE","CALIFORNIA",6,NA,NA,NA,NA,NA,NA,0,NA,"STRAWBERRIES","STRAWBERRIES, ORGANIC, FRESH MARKET - OPERATIONS WITH SALES","ORGANIC STATUS","ORGANIC STATUS: (NOP USDA CERTIFIED)","170","8.0"
"CENSUS",2019,"YEAR",NA,"STATE","CALIFORNIA",6,NA,NA,NA,NA,NA,NA,0,NA,"STRAWBERRIES","STRAWBERRIES, ORGANIC, FRESH MARKET - SALES, MEASURED IN $","ORGANIC STATUS","ORGANIC STATUS: (NOP USDA CERTIFIED)","275,716,713","35.5"
"CENSUS",2019,"YEAR",NA,"STATE","CALIFORNIA",6,NA,NA,NA,NA,NA,NA,0,NA,"STRAWBERRIES","STRAWBERRIES, ORGANIC, FRESH MARKET - SALES, MEASURED IN CWT","ORGANIC STATUS","ORGANIC STATUS: (NOP USDA CERTIFIED)","1,177,214","33.7"
"CENSUS",2019,"YEAR",NA,"STATE","CALIFORNIA",6,NA,NA,NA,NA,NA,NA,0,NA,"STRAWBERRIES","STRAWBERRIES, ORGANIC, PROCESSING - OPERATIONS WITH SALES","ORGANIC STATUS","ORGANIC STATUS: (NOP USDA CERTIFIED)","15","39.7"
"CENSUS",2019,"YEAR",NA,"STATE","CALIFORNIA",6,NA,NA,NA,NA,NA,NA,0,NA,"STRAWBERRIES","STRAWBERRIES, ORGANIC, PROCESSING - SALES, MEASURED IN $","ORGANIC STATUS","ORGANIC STATUS: (NOP USDA CERTIFIED)","24,561,004","68.3"
"CENSUS",2019,"YEAR",NA,"STATE","CALIFORNIA",6,NA,NA,NA,NA,NA,NA,0,NA,"STRAWBERRIES","STRAWBERRIES, ORGANIC, PROCESSING - SALES, MEASURED IN CWT","ORGANIC STATUS","ORGANIC STATUS: (NOP USDA CERTIFIED)","206,802","49.3"
"CENSUS",2019,"YEAR",NA,"STATE","FLORIDA",12,NA,NA,NA,NA,NA,NA,0,NA,"STRAWBERRIES","STRAWBERRIES, ORGANIC - ACRES HARVESTED","ORGANIC STATUS","ORGANIC STATUS: (NOP USDA CERTIFIED)","680","79.0"
"CENSUS",2019,"YEAR",NA,"STATE","FLORIDA",12,NA,NA,NA,NA,NA,NA,0,NA,"STRAWBERRIES","STRAWBERRIES, ORGANIC - OPERATIONS WITH AREA HARVESTED","ORGANIC STATUS","ORGANIC STATUS: (NOP USDA CERTIFIED)","14","30.4"
"CENSUS",2019,"YEAR",NA,"STATE","FLORIDA",12,NA,NA,NA,NA,NA,NA,0,NA,"STRAWBERRIES","STRAWBERRIES, ORGANIC - OPERATIONS WITH SALES","ORGANIC STATUS","ORGANIC STATUS: (NOP USDA CERTIFIED)","14","30.4"
"CENSUS",2019,"YEAR",NA,"STATE","FLORIDA",12,NA,NA,NA,NA,NA,NA,0,NA,"STRAWBERRIES","STRAWBERRIES, ORGANIC - PRODUCTION, MEASURED IN CWT","ORGANIC STATUS","ORGANIC STATUS: (NOP USDA CERTIFIED)","59,905","76.3"
"CENSUS",2019,"YEAR",NA,"STATE","FLORIDA",12,NA,NA,NA,NA,NA,NA,0,NA,"STRAWBERRIES","STRAWBERRIES, ORGANIC - SALES, MEASURED IN $","ORGANIC STATUS","ORGANIC STATUS: (NOP USDA CERTIFIED)","15,055,709","83.4"
"CENSUS",2019,"YEAR",NA,"STATE","FLORIDA",12,NA,NA,NA,NA,NA,NA,0,NA,"STRAWBERRIES","STRAWBERRIES, ORGANIC - SALES, MEASURED IN CWT","ORGANIC STATUS","ORGANIC STATUS: (NOP USDA CERTIFIED)","59,905","76.3"
"CENSUS",2019,"YEAR",NA,"STATE","FLORIDA",12,NA,NA,NA,NA,NA,NA,0,NA,"STRAWBERRIES","STRAWBERRIES, ORGANIC, FRESH MARKET - OPERATIONS WITH SALES","ORGANIC STATUS","ORGANIC STATUS: (NOP USDA CERTIFIED)","14","30.4"
"CENSUS",2019,"YEAR",NA,"STATE","FLORIDA",12,NA,NA,NA,NA,NA,NA,0,NA,"STRAWBERRIES","STRAWBERRIES, ORGANIC, FRESH MARKET - SALES, MEASURED IN $","ORGANIC STATUS","ORGANIC STATUS: (NOP USDA CERTIFIED)","15,055,709","83.4"
"CENSUS",2019,"YEAR",NA,"STATE","FLORIDA",12,NA,NA,NA,NA,NA,NA,0,NA,"STRAWBERRIES","STRAWBERRIES, ORGANIC, FRESH MARKET - SALES, MEASURED IN CWT","ORGANIC STATUS","ORGANIC STATUS: (NOP USDA CERTIFIED)","59,905","76.3"
"CENSUS",2019,"YEAR",NA,"STATE","NEW YORK",36,NA,NA,NA,NA,NA,NA,0,NA,"STRAWBERRIES","STRAWBERRIES, ORGANIC - ACRES HARVESTED","ORGANIC STATUS","ORGANIC STATUS: (NOP USDA CERTIFIED)","41","40.9"
"CENSUS",2019,"YEAR",NA,"STATE","NEW YORK",36,NA,NA,NA,NA,NA,NA,0,NA,"STRAWBERRIES","STRAWBERRIES, ORGANIC - OPERATIONS WITH AREA HARVESTED","ORGANIC STATUS","ORGANIC STATUS: (NOP USDA CERTIFIED)","36","27.3"
"CENSUS",2019,"YEAR",NA,"STATE","NEW YORK",36,NA,NA,NA,NA,NA,NA,0,NA,"STRAWBERRIES","STRAWBERRIES, ORGANIC - OPERATIONS WITH SALES","ORGANIC STATUS","ORGANIC STATUS: (NOP USDA CERTIFIED)","36","27.3"
"CENSUS",2019,"YEAR",NA,"STATE","NEW YORK",36,NA,NA,NA,NA,NA,NA,0,NA,"STRAWBERRIES","STRAWBERRIES, ORGANIC - PRODUCTION, MEASURED IN CWT","ORGANIC STATUS","ORGANIC STATUS: (NOP USDA CERTIFIED)","2,260","32.6"
"CENSUS",2019,"YEAR",NA,"STATE","NEW YORK",36,NA,NA,NA,NA,NA,NA,0,NA,"STRAWBERRIES","STRAWBERRIES, ORGANIC - SALES, MEASURED IN $","ORGANIC STATUS","ORGANIC STATUS: (NOP USDA CERTIFIED)","644,155","42.2"
"CENSUS",2019,"YEAR",NA,"STATE","NEW YORK",36,NA,NA,NA,NA,NA,NA,0,NA,"STRAWBERRIES","STRAWBERRIES, ORGANIC - SALES, MEASURED IN CWT","ORGANIC STATUS","ORGANIC STATUS: (NOP USDA CERTIFIED)","2,260","32.6"
"CENSUS",2019,"YEAR",NA,"STATE","NEW YORK",36,NA,NA,NA,NA,NA,NA,0,NA,"STRAWBERRIES","STRAWBERRIES, ORGANIC, FRESH MARKET - OPERATIONS WITH SALES","ORGANIC STATUS","ORGANIC STATUS: (NOP USDA CERTIFIED)","34","28.7"
"CENSUS",2019,"YEAR",NA,"STATE","NEW YORK",36,NA,NA,NA,NA,NA,NA,0,NA,"STRAWBERRIES","STRAWBERRIES, ORGANIC, FRESH MARKET - SALES, MEASURED IN $","ORGANIC STATUS","ORGANIC STATUS: (NOP USDA CERTIFIED)"," (D)","(D)"
"CENSUS",2019,"YEAR",NA,"STATE","NEW YORK",36,NA,NA,NA,NA,NA,NA,0,NA,"STRAWBERRIES","STRAWBERRIES, ORGANIC, FRESH MARKET - SALES, MEASURED IN CWT","ORGANIC STATUS","ORGANIC STATUS: (NOP USDA CERTIFIED)"," (D)","(D)"
"CENSUS",2019,"YEAR",NA,"STATE","NEW YORK",36,NA,NA,NA,NA,NA,NA,0,NA,"STRAWBERRIES","STRAWBERRIES, ORGANIC, PROCESSING - OPERATIONS WITH SALES","ORGANIC STATUS","ORGANIC STATUS: (NOP USDA CERTIFIED)","2","95.0"
"CENSUS",2019,"YEAR",NA,"STATE","NEW YORK",36,NA,NA,NA,NA,NA,NA,0,NA,"STRAWBERRIES","STRAWBERRIES, ORGANIC, PROCESSING - SALES, MEASURED IN $","ORGANIC STATUS","ORGANIC STATUS: (NOP USDA CERTIFIED)"," (D)","(D)"
"CENSUS",2019,"YEAR",NA,"STATE","NEW YORK",36,NA,NA,NA,NA,NA,NA,0,NA,"STRAWBERRIES","STRAWBERRIES, ORGANIC, PROCESSING - SALES, MEASURED IN CWT","ORGANIC STATUS","ORGANIC STATUS: (NOP USDA CERTIFIED)"," (D)","(D)"
"CENSUS",2019,"YEAR",NA,"STATE","NORTH CAROLINA",37,NA,NA,NA,NA,NA,NA,0,NA,"STRAWBERRIES","STRAWBERRIES, ORGANIC - ACRES HARVESTED","ORGANIC STATUS","ORGANIC STATUS: (NOP USDA CERTIFIED)","4","94.6"
"CENSUS",2019,"YEAR",NA,"STATE","NORTH CAROLINA",37,NA,NA,NA,NA,NA,NA,0,NA,"STRAWBERRIES","STRAWBERRIES, ORGANIC - OPERATIONS WITH AREA HARVESTED","ORGANIC STATUS","ORGANIC STATUS: (NOP USDA CERTIFIED)","7","43.9"
"CENSUS",2019,"YEAR",NA,"STATE","NORTH CAROLINA",37,NA,NA,NA,NA,NA,NA,0,NA,"STRAWBERRIES","STRAWBERRIES, ORGANIC - OPERATIONS WITH SALES","ORGANIC STATUS","ORGANIC STATUS: (NOP USDA CERTIFIED)","7","43.9"
"CENSUS",2019,"YEAR",NA,"STATE","NORTH CAROLINA",37,NA,NA,NA,NA,NA,NA,0,NA,"STRAWBERRIES","STRAWBERRIES, ORGANIC - PRODUCTION, MEASURED IN CWT","ORGANIC STATUS","ORGANIC STATUS: (NOP USDA CERTIFIED)","300","94.1"
"CENSUS",2019,"YEAR",NA,"STATE","NORTH CAROLINA",37,NA,NA,NA,NA,NA,NA,0,NA,"STRAWBERRIES","STRAWBERRIES, ORGANIC - SALES, MEASURED IN $","ORGANIC STATUS","ORGANIC STATUS: (NOP USDA CERTIFIED)","87,402","75.2"
"CENSUS",2019,"YEAR",NA,"STATE","NORTH CAROLINA",37,NA,NA,NA,NA,NA,NA,0,NA,"STRAWBERRIES","STRAWBERRIES, ORGANIC - SALES, MEASURED IN CWT","ORGANIC STATUS","ORGANIC STATUS: (NOP USDA CERTIFIED)","300","94.1"
"CENSUS",2019,"YEAR",NA,"STATE","NORTH CAROLINA",37,NA,NA,NA,NA,NA,NA,0,NA,"STRAWBERRIES","STRAWBERRIES, ORGANIC, FRESH MARKET - OPERATIONS WITH SALES","ORGANIC STATUS","ORGANIC STATUS: (NOP USDA CERTIFIED)","7","43.9"
"CENSUS",2019,"YEAR",NA,"STATE","NORTH CAROLINA",37,NA,NA,NA,NA,NA,NA,0,NA,"STRAWBERRIES","STRAWBERRIES, ORGANIC, FRESH MARKET - SALES, MEASURED IN $","ORGANIC STATUS","ORGANIC STATUS: (NOP USDA CERTIFIED)","87,402","75.2"
"CENSUS",2019,"YEAR",NA,"STATE","NORTH CAROLINA",37,NA,NA,NA,NA,NA,NA,0,NA,"STRAWBERRIES","STRAWBERRIES, ORGANIC, FRESH MARKET - SALES, MEASURED IN CWT","ORGANIC STATUS","ORGANIC STATUS: (NOP USDA CERTIFIED)","300","94.1"
"CENSUS",2019,"YEAR",NA,"STATE","OREGON",41,NA,NA,NA,NA,NA,NA,0,NA,"STRAWBERRIES","STRAWBERRIES, ORGANIC - ACRES HARVESTED","ORGANIC STATUS","ORGANIC STATUS: (NOP USDA CERTIFIED)","197","(H)"
"CENSUS",2019,"YEAR",NA,"STATE","OREGON",41,NA,NA,NA,NA,NA,NA,0,NA,"STRAWBERRIES","STRAWBERRIES, ORGANIC - OPERATIONS WITH AREA HARVESTED","ORGANIC STATUS","ORGANIC STATUS: (NOP USDA CERTIFIED)","21","42.5"
"CENSUS",2019,"YEAR",NA,"STATE","OREGON",41,NA,NA,NA,NA,NA,NA,0,NA,"STRAWBERRIES","STRAWBERRIES, ORGANIC - OPERATIONS WITH SALES","ORGANIC STATUS","ORGANIC STATUS: (NOP USDA CERTIFIED)","21","42.5"
"CENSUS",2019,"YEAR",NA,"STATE","OREGON",41,NA,NA,NA,NA,NA,NA,0,NA,"STRAWBERRIES","STRAWBERRIES, ORGANIC - PRODUCTION, MEASURED IN CWT","ORGANIC STATUS","ORGANIC STATUS: (NOP USDA CERTIFIED)","5,081","(H)"
"CENSUS",2019,"YEAR",NA,"STATE","OREGON",41,NA,NA,NA,NA,NA,NA,0,NA,"STRAWBERRIES","STRAWBERRIES, ORGANIC - SALES, MEASURED IN $","ORGANIC STATUS","ORGANIC STATUS: (NOP USDA CERTIFIED)","1,728,809","(H)"
"CENSUS",2019,"YEAR",NA,"STATE","OREGON",41,NA,NA,NA,NA,NA,NA,0,NA,"STRAWBERRIES","STRAWBERRIES, ORGANIC - SALES, MEASURED IN CWT","ORGANIC STATUS","ORGANIC STATUS: (NOP USDA CERTIFIED)","5,081","(H)"
"CENSUS",2019,"YEAR",NA,"STATE","OREGON",41,NA,NA,NA,NA,NA,NA,0,NA,"STRAWBERRIES","STRAWBERRIES, ORGANIC, FRESH MARKET - OPERATIONS WITH SALES","ORGANIC STATUS","ORGANIC STATUS: (NOP USDA CERTIFIED)","19","39.8"
"CENSUS",2019,"YEAR",NA,"STATE","OREGON",41,NA,NA,NA,NA,NA,NA,0,NA,"STRAWBERRIES","STRAWBERRIES, ORGANIC, FRESH MARKET - SALES, MEASURED IN $","ORGANIC STATUS","ORGANIC STATUS: (NOP USDA CERTIFIED)","505,658","59.6"
"CENSUS",2019,"YEAR",NA,"STATE","OREGON",41,NA,NA,NA,NA,NA,NA,0,NA,"STRAWBERRIES","STRAWBERRIES, ORGANIC, FRESH MARKET - SALES, MEASURED IN CWT","ORGANIC STATUS","ORGANIC STATUS: (NOP USDA CERTIFIED)","1,004","38.9"
"CENSUS",2019,"YEAR",NA,"STATE","OREGON",41,NA,NA,NA,NA,NA,NA,0,NA,"STRAWBERRIES","STRAWBERRIES, ORGANIC, PROCESSING - OPERATIONS WITH SALES","ORGANIC STATUS","ORGANIC STATUS: (NOP USDA CERTIFIED)","3","(H)"
"CENSUS",2019,"YEAR",NA,"STATE","OREGON",41,NA,NA,NA,NA,NA,NA,0,NA,"STRAWBERRIES","STRAWBERRIES, ORGANIC, PROCESSING - SALES, MEASURED IN $","ORGANIC STATUS","ORGANIC STATUS: (NOP USDA CERTIFIED)","1,223,151","(H)"
"CENSUS",2019,"YEAR",NA,"STATE","OREGON",41,NA,NA,NA,NA,NA,NA,0,NA,"STRAWBERRIES","STRAWBERRIES, ORGANIC, PROCESSING - SALES, MEASURED IN CWT","ORGANIC STATUS","ORGANIC STATUS: (NOP USDA CERTIFIED)","4,077","(H)"
"CENSUS",2019,"YEAR",NA,"STATE","WASHINGTON",53,NA,NA,NA,NA,NA,NA,0,NA,"STRAWBERRIES","STRAWBERRIES, ORGANIC - ACRES HARVESTED","ORGANIC STATUS","ORGANIC STATUS: (NOP USDA CERTIFIED)","55","58.3"
"CENSUS",2019,"YEAR",NA,"STATE","WASHINGTON",53,NA,NA,NA,NA,NA,NA,0,NA,"STRAWBERRIES","STRAWBERRIES, ORGANIC - OPERATIONS WITH AREA HARVESTED","ORGANIC STATUS","ORGANIC STATUS: (NOP USDA CERTIFIED)","57","40.1"
"CENSUS",2019,"YEAR",NA,"STATE","WASHINGTON",53,NA,NA,NA,NA,NA,NA,0,NA,"STRAWBERRIES","STRAWBERRIES, ORGANIC - OPERATIONS WITH SALES","ORGANIC STATUS","ORGANIC STATUS: (NOP USDA CERTIFIED)","57","40.1"
"CENSUS",2019,"YEAR",NA,"STATE","WASHINGTON",53,NA,NA,NA,NA,NA,NA,0,NA,"STRAWBERRIES","STRAWBERRIES, ORGANIC - PRODUCTION, MEASURED IN CWT","ORGANIC STATUS","ORGANIC STATUS: (NOP USDA CERTIFIED)","2,428","78.4"
"CENSUS",2019,"YEAR",NA,"STATE","WASHINGTON",53,NA,NA,NA,NA,NA,NA,0,NA,"STRAWBERRIES","STRAWBERRIES, ORGANIC - SALES, MEASURED IN $","ORGANIC STATUS","ORGANIC STATUS: (NOP USDA CERTIFIED)","745,009","67.2"
"CENSUS",2019,"YEAR",NA,"STATE","WASHINGTON",53,NA,NA,NA,NA,NA,NA,0,NA,"STRAWBERRIES","STRAWBERRIES, ORGANIC - SALES, MEASURED IN CWT","ORGANIC STATUS","ORGANIC STATUS: (NOP USDA CERTIFIED)","2,428","78.4"
"CENSUS",2019,"YEAR",NA,"STATE","WASHINGTON",53,NA,NA,NA,NA,NA,NA,0,NA,"STRAWBERRIES","STRAWBERRIES, ORGANIC, FRESH MARKET - OPERATIONS WITH SALES","ORGANIC STATUS","ORGANIC STATUS: (NOP USDA CERTIFIED)","53","40.5"
"CENSUS",2019,"YEAR",NA,"STATE","WASHINGTON",53,NA,NA,NA,NA,NA,NA,0,NA,"STRAWBERRIES","STRAWBERRIES, ORGANIC, FRESH MARKET - SALES, MEASURED IN $","ORGANIC STATUS","ORGANIC STATUS: (NOP USDA CERTIFIED)"," (D)","(D)"
"CENSUS",2019,"YEAR",NA,"STATE","WASHINGTON",53,NA,NA,NA,NA,NA,NA,0,NA,"STRAWBERRIES","STRAWBERRIES, ORGANIC, FRESH MARKET - SALES, MEASURED IN CWT","ORGANIC STATUS","ORGANIC STATUS: (NOP USDA CERTIFIED)","2,404","79.4"
"CENSUS",2019,"YEAR",NA,"STATE","WASHINGTON",53,NA,NA,NA,NA,NA,NA,0,NA,"STRAWBERRIES","STRAWBERRIES, ORGANIC, PROCESSING - OPERATIONS WITH SALES","ORGANIC STATUS","ORGANIC STATUS: (NOP USDA CERTIFIED)","6","89.2"
"CENSUS",2019,"YEAR",NA,"STATE","WASHINGTON",53,NA,NA,NA,NA,NA,NA,0,NA,"STRAWBERRIES","STRAWBERRIES, ORGANIC, PROCESSING - SALES, MEASURED IN $","ORGANIC STATUS","ORGANIC STATUS: (NOP USDA CERTIFIED)"," (D)","(D)"
"CENSUS",2019,"YEAR",NA,"STATE","WASHINGTON",53,NA,NA,NA,NA,NA,NA,0,NA,"STRAWBERRIES","STRAWBERRIES, ORGANIC, PROCESSING - SALES, MEASURED IN CWT","ORGANIC STATUS","ORGANIC STATUS: (NOP USDA CERTIFIED)","23","80.9"
"CENSUS",2016,"YEAR",NA,"STATE","CALIFORNIA",6,NA,NA,NA,NA,NA,NA,0,NA,"STRAWBERRIES","STRAWBERRIES, ORGANIC - ACRES HARVESTED","ORGANIC STATUS","ORGANIC STATUS: (NOP USDA CERTIFIED)","5,483","10.6"
"CENSUS",2016,"YEAR",NA,"STATE","CALIFORNIA",6,NA,NA,NA,NA,NA,NA,0,NA,"STRAWBERRIES","STRAWBERRIES, ORGANIC - OPERATIONS WITH AREA HARVESTED","ORGANIC STATUS","ORGANIC STATUS: (NOP USDA CERTIFIED)","189","4.7"
"CENSUS",2016,"YEAR",NA,"STATE","CALIFORNIA",6,NA,NA,NA,NA,NA,NA,0,NA,"STRAWBERRIES","STRAWBERRIES, ORGANIC - OPERATIONS WITH SALES","ORGANIC STATUS","ORGANIC STATUS: (NOP USDA CERTIFIED)","189","4.7"
"CENSUS",2016,"YEAR",NA,"STATE","CALIFORNIA",6,NA,NA,NA,NA,NA,NA,0,NA,"STRAWBERRIES","STRAWBERRIES, ORGANIC - PRODUCTION, MEASURED IN CWT","ORGANIC STATUS","ORGANIC STATUS: (NOP USDA CERTIFIED)","1,448,881","13.5"
"CENSUS",2016,"YEAR",NA,"STATE","CALIFORNIA",6,NA,NA,NA,NA,NA,NA,0,NA,"STRAWBERRIES","STRAWBERRIES, ORGANIC - SALES, MEASURED IN $","ORGANIC STATUS","ORGANIC STATUS: (NOP USDA CERTIFIED)","231,304,956","13.7"
"CENSUS",2016,"YEAR",NA,"STATE","CALIFORNIA",6,NA,NA,NA,NA,NA,NA,0,NA,"STRAWBERRIES","STRAWBERRIES, ORGANIC - SALES, MEASURED IN CWT","ORGANIC STATUS","ORGANIC STATUS: (NOP USDA CERTIFIED)","1,446,458","13.5"
"CENSUS",2016,"YEAR",NA,"STATE","CALIFORNIA",6,NA,NA,NA,NA,NA,NA,0,NA,"STRAWBERRIES","STRAWBERRIES, ORGANIC, FRESH MARKET - OPERATIONS WITH SALES","ORGANIC STATUS","ORGANIC STATUS: (NOP USDA CERTIFIED)","184","4.9"
"CENSUS",2016,"YEAR",NA,"STATE","CALIFORNIA",6,NA,NA,NA,NA,NA,NA,0,NA,"STRAWBERRIES","STRAWBERRIES, ORGANIC, FRESH MARKET - SALES, MEASURED IN $","ORGANIC STATUS","ORGANIC STATUS: (NOP USDA CERTIFIED)","211,553,703","13.5"
"CENSUS",2016,"YEAR",NA,"STATE","CALIFORNIA",6,NA,NA,NA,NA,NA,NA,0,NA,"STRAWBERRIES","STRAWBERRIES, ORGANIC, FRESH MARKET - SALES, MEASURED IN CWT","ORGANIC STATUS","ORGANIC STATUS: (NOP USDA CERTIFIED)","1,221,571","12.9"
"CENSUS",2016,"YEAR",NA,"STATE","CALIFORNIA",6,NA,NA,NA,NA,NA,NA,0,NA,"STRAWBERRIES","STRAWBERRIES, ORGANIC, PROCESSING - OPERATIONS WITH SALES","ORGANIC STATUS","ORGANIC STATUS: (NOP USDA CERTIFIED)","48","4.4"
"CENSUS",2016,"YEAR",NA,"STATE","CALIFORNIA",6,NA,NA,NA,NA,NA,NA,0,NA,"STRAWBERRIES","STRAWBERRIES, ORGANIC, PROCESSING - SALES, MEASURED IN $","ORGANIC STATUS","ORGANIC STATUS: (NOP USDA CERTIFIED)","19,751,253","19.7"
"CENSUS",2016,"YEAR",NA,"STATE","CALIFORNIA",6,NA,NA,NA,NA,NA,NA,0,NA,"STRAWBERRIES","STRAWBERRIES, ORGANIC, PROCESSING - SALES, MEASURED IN CWT","ORGANIC STATUS","ORGANIC STATUS: (NOP USDA CERTIFIED)","224,886","21"
"CENSUS",2016,"YEAR",NA,"STATE","FLORIDA",12,NA,NA,NA,NA,NA,NA,0,NA,"STRAWBERRIES","STRAWBERRIES, ORGANIC - ACRES HARVESTED","ORGANIC STATUS","ORGANIC STATUS: (NOP USDA CERTIFIED)","229","21.6"
"CENSUS",2016,"YEAR",NA,"STATE","FLORIDA",12,NA,NA,NA,NA,NA,NA,0,NA,"STRAWBERRIES","STRAWBERRIES, ORGANIC - OPERATIONS WITH AREA HARVESTED","ORGANIC STATUS","ORGANIC STATUS: (NOP USDA CERTIFIED)","9","13"
"CENSUS",2016,"YEAR",NA,"STATE","FLORIDA",12,NA,NA,NA,NA,NA,NA,0,NA,"STRAWBERRIES","STRAWBERRIES, ORGANIC - OPERATIONS WITH SALES","ORGANIC STATUS","ORGANIC STATUS: (NOP USDA CERTIFIED)","9","13"
"CENSUS",2016,"YEAR",NA,"STATE","FLORIDA",12,NA,NA,NA,NA,NA,NA,0,NA,"STRAWBERRIES","STRAWBERRIES, ORGANIC - PRODUCTION, MEASURED IN CWT","ORGANIC STATUS","ORGANIC STATUS: (NOP USDA CERTIFIED)","14,653","23"
"CENSUS",2016,"YEAR",NA,"STATE","FLORIDA",12,NA,NA,NA,NA,NA,NA,0,NA,"STRAWBERRIES","STRAWBERRIES, ORGANIC - SALES, MEASURED IN $","ORGANIC STATUS","ORGANIC STATUS: (NOP USDA CERTIFIED)","2,455,805","21.9"
"CENSUS",2016,"YEAR",NA,"STATE","FLORIDA",12,NA,NA,NA,NA,NA,NA,0,NA,"STRAWBERRIES","STRAWBERRIES, ORGANIC - SALES, MEASURED IN CWT","ORGANIC STATUS","ORGANIC STATUS: (NOP USDA CERTIFIED)","14,532","23.1"
"CENSUS",2016,"YEAR",NA,"STATE","FLORIDA",12,NA,NA,NA,NA,NA,NA,0,NA,"STRAWBERRIES","STRAWBERRIES, ORGANIC, FRESH MARKET - OPERATIONS WITH SALES","ORGANIC STATUS","ORGANIC STATUS: (NOP USDA CERTIFIED)","9","14"
"CENSUS",2016,"YEAR",NA,"STATE","FLORIDA",12,NA,NA,NA,NA,NA,NA,0,NA,"STRAWBERRIES","STRAWBERRIES, ORGANIC, FRESH MARKET - SALES, MEASURED IN $","ORGANIC STATUS","ORGANIC STATUS: (NOP USDA CERTIFIED)"," (D)","(D)"
"CENSUS",2016,"YEAR",NA,"STATE","FLORIDA",12,NA,NA,NA,NA,NA,NA,0,NA,"STRAWBERRIES","STRAWBERRIES, ORGANIC, FRESH MARKET - SALES, MEASURED IN CWT","ORGANIC STATUS","ORGANIC STATUS: (NOP USDA CERTIFIED)"," (D)","(D)"
"CENSUS",2016,"YEAR",NA,"STATE","FLORIDA",12,NA,NA,NA,NA,NA,NA,0,NA,"STRAWBERRIES","STRAWBERRIES, ORGANIC, PROCESSING - OPERATIONS WITH SALES","ORGANIC STATUS","ORGANIC STATUS: (NOP USDA CERTIFIED)","2","38.5"
"CENSUS",2016,"YEAR",NA,"STATE","FLORIDA",12,NA,NA,NA,NA,NA,NA,0,NA,"STRAWBERRIES","STRAWBERRIES, ORGANIC, PROCESSING - SALES, MEASURED IN $","ORGANIC STATUS","ORGANIC STATUS: (NOP USDA CERTIFIED)"," (D)","(D)"
"CENSUS",2016,"YEAR",NA,"STATE","FLORIDA",12,NA,NA,NA,NA,NA,NA,0,NA,"STRAWBERRIES","STRAWBERRIES, ORGANIC, PROCESSING - SALES, MEASURED IN CWT","ORGANIC STATUS","ORGANIC STATUS: (NOP USDA CERTIFIED)"," (D)","(D)"
"CENSUS",2016,"YEAR",NA,"STATE","NEW YORK",36,NA,NA,NA,NA,NA,NA,0,NA,"STRAWBERRIES","STRAWBERRIES, ORGANIC - ACRES HARVESTED","ORGANIC STATUS","ORGANIC STATUS: (NOP USDA CERTIFIED)","31","14.3"
"CENSUS",2016,"YEAR",NA,"STATE","NEW YORK",36,NA,NA,NA,NA,NA,NA,0,NA,"STRAWBERRIES","STRAWBERRIES, ORGANIC - OPERATIONS WITH AREA HARVESTED","ORGANIC STATUS","ORGANIC STATUS: (NOP USDA CERTIFIED)","32","11.9"
"CENSUS",2016,"YEAR",NA,"STATE","NEW YORK",36,NA,NA,NA,NA,NA,NA,0,NA,"STRAWBERRIES","STRAWBERRIES, ORGANIC - OPERATIONS WITH SALES","ORGANIC STATUS","ORGANIC STATUS: (NOP USDA CERTIFIED)","32","11.9"
"CENSUS",2016,"YEAR",NA,"STATE","NEW YORK",36,NA,NA,NA,NA,NA,NA,0,NA,"STRAWBERRIES","STRAWBERRIES, ORGANIC - PRODUCTION, MEASURED IN CWT","ORGANIC STATUS","ORGANIC STATUS: (NOP USDA CERTIFIED)","1,012","19.6"
"CENSUS",2016,"YEAR",NA,"STATE","NEW YORK",36,NA,NA,NA,NA,NA,NA,0,NA,"STRAWBERRIES","STRAWBERRIES, ORGANIC - SALES, MEASURED IN $","ORGANIC STATUS","ORGANIC STATUS: (NOP USDA CERTIFIED)","459,144","22.7"
"CENSUS",2016,"YEAR",NA,"STATE","NEW YORK",36,NA,NA,NA,NA,NA,NA,0,NA,"STRAWBERRIES","STRAWBERRIES, ORGANIC - SALES, MEASURED IN CWT","ORGANIC STATUS","ORGANIC STATUS: (NOP USDA CERTIFIED)","1,012","19.6"
"CENSUS",2016,"YEAR",NA,"STATE","NEW YORK",36,NA,NA,NA,NA,NA,NA,0,NA,"STRAWBERRIES","STRAWBERRIES, ORGANIC, FRESH MARKET - OPERATIONS WITH SALES","ORGANIC STATUS","ORGANIC STATUS: (NOP USDA CERTIFIED)","32","11.9"
"CENSUS",2016,"YEAR",NA,"STATE","NEW YORK",36,NA,NA,NA,NA,NA,NA,0,NA,"STRAWBERRIES","STRAWBERRIES, ORGANIC, FRESH MARKET - SALES, MEASURED IN $","ORGANIC STATUS","ORGANIC STATUS: (NOP USDA CERTIFIED)"," (D)","(D)"
"CENSUS",2016,"YEAR",NA,"STATE","NEW YORK",36,NA,NA,NA,NA,NA,NA,0,NA,"STRAWBERRIES","STRAWBERRIES, ORGANIC, FRESH MARKET - SALES, MEASURED IN CWT","ORGANIC STATUS","ORGANIC STATUS: (NOP USDA CERTIFIED)"," (D)","(D)"
"CENSUS",2016,"YEAR",NA,"STATE","NEW YORK",36,NA,NA,NA,NA,NA,NA,0,NA,"STRAWBERRIES","STRAWBERRIES, ORGANIC, PROCESSING - OPERATIONS WITH SALES","ORGANIC STATUS","ORGANIC STATUS: (NOP USDA CERTIFIED)","1","(H)"
"CENSUS",2016,"YEAR",NA,"STATE","NEW YORK",36,NA,NA,NA,NA,NA,NA,0,NA,"STRAWBERRIES","STRAWBERRIES, ORGANIC, PROCESSING - SALES, MEASURED IN $","ORGANIC STATUS","ORGANIC STATUS: (NOP USDA CERTIFIED)"," (D)","(D)"
"CENSUS",2016,"YEAR",NA,"STATE","NEW YORK",36,NA,NA,NA,NA,NA,NA,0,NA,"STRAWBERRIES","STRAWBERRIES, ORGANIC, PROCESSING - SALES, MEASURED IN CWT","ORGANIC STATUS","ORGANIC STATUS: (NOP USDA CERTIFIED)"," (D)","(D)"
"CENSUS",2016,"YEAR",NA,"STATE","NORTH CAROLINA",37,NA,NA,NA,NA,NA,NA,0,NA,"STRAWBERRIES","STRAWBERRIES, ORGANIC - ACRES HARVESTED","ORGANIC STATUS","ORGANIC STATUS: (NOP USDA CERTIFIED)","12","18.4"
"CENSUS",2016,"YEAR",NA,"STATE","NORTH CAROLINA",37,NA,NA,NA,NA,NA,NA,0,NA,"STRAWBERRIES","STRAWBERRIES, ORGANIC - OPERATIONS WITH AREA HARVESTED","ORGANIC STATUS","ORGANIC STATUS: (NOP USDA CERTIFIED)","10","13.6"
"CENSUS",2016,"YEAR",NA,"STATE","NORTH CAROLINA",37,NA,NA,NA,NA,NA,NA,0,NA,"STRAWBERRIES","STRAWBERRIES, ORGANIC - OPERATIONS WITH SALES","ORGANIC STATUS","ORGANIC STATUS: (NOP USDA CERTIFIED)","10","13.6"
"CENSUS",2016,"YEAR",NA,"STATE","NORTH CAROLINA",37,NA,NA,NA,NA,NA,NA,0,NA,"STRAWBERRIES","STRAWBERRIES, ORGANIC - PRODUCTION, MEASURED IN CWT","ORGANIC STATUS","ORGANIC STATUS: (NOP USDA CERTIFIED)","1,308","25"
"CENSUS",2016,"YEAR",NA,"STATE","NORTH CAROLINA",37,NA,NA,NA,NA,NA,NA,0,NA,"STRAWBERRIES","STRAWBERRIES, ORGANIC - SALES, MEASURED IN $","ORGANIC STATUS","ORGANIC STATUS: (NOP USDA CERTIFIED)","358,487","23.1"
"CENSUS",2016,"YEAR",NA,"STATE","NORTH CAROLINA",37,NA,NA,NA,NA,NA,NA,0,NA,"STRAWBERRIES","STRAWBERRIES, ORGANIC - SALES, MEASURED IN CWT","ORGANIC STATUS","ORGANIC STATUS: (NOP USDA CERTIFIED)","1,308","25"
"CENSUS",2016,"YEAR",NA,"STATE","NORTH CAROLINA",37,NA,NA,NA,NA,NA,NA,0,NA,"STRAWBERRIES","STRAWBERRIES, ORGANIC, FRESH MARKET - OPERATIONS WITH SALES","ORGANIC STATUS","ORGANIC STATUS: (NOP USDA CERTIFIED)","10","13.6"
"CENSUS",2016,"YEAR",NA,"STATE","NORTH CAROLINA",37,NA,NA,NA,NA,NA,NA,0,NA,"STRAWBERRIES","STRAWBERRIES, ORGANIC, FRESH MARKET - SALES, MEASURED IN $","ORGANIC STATUS","ORGANIC STATUS: (NOP USDA CERTIFIED)","358,487","23.2"
"CENSUS",2016,"YEAR",NA,"STATE","NORTH CAROLINA",37,NA,NA,NA,NA,NA,NA,0,NA,"STRAWBERRIES","STRAWBERRIES, ORGANIC, FRESH MARKET - SALES, MEASURED IN CWT","ORGANIC STATUS","ORGANIC STATUS: (NOP USDA CERTIFIED)","1,308","25.1"
"CENSUS",2016,"YEAR",NA,"STATE","OREGON",41,NA,NA,NA,NA,NA,NA,0,NA,"STRAWBERRIES","STRAWBERRIES, ORGANIC - ACRES HARVESTED","ORGANIC STATUS","ORGANIC STATUS: (NOP USDA CERTIFIED)","169","26.6"
"CENSUS",2016,"YEAR",NA,"STATE","OREGON",41,NA,NA,NA,NA,NA,NA,0,NA,"STRAWBERRIES","STRAWBERRIES, ORGANIC - OPERATIONS WITH AREA HARVESTED","ORGANIC STATUS","ORGANIC STATUS: (NOP USDA CERTIFIED)","25","9.2"
"CENSUS",2016,"YEAR",NA,"STATE","OREGON",41,NA,NA,NA,NA,NA,NA,0,NA,"STRAWBERRIES","STRAWBERRIES, ORGANIC - OPERATIONS WITH SALES","ORGANIC STATUS","ORGANIC STATUS: (NOP USDA CERTIFIED)","25","9.2"
"CENSUS",2016,"YEAR",NA,"STATE","OREGON",41,NA,NA,NA,NA,NA,NA,0,NA,"STRAWBERRIES","STRAWBERRIES, ORGANIC - PRODUCTION, MEASURED IN CWT","ORGANIC STATUS","ORGANIC STATUS: (NOP USDA CERTIFIED)","5,832","24.7"
"CENSUS",2016,"YEAR",NA,"STATE","OREGON",41,NA,NA,NA,NA,NA,NA,0,NA,"STRAWBERRIES","STRAWBERRIES, ORGANIC - SALES, MEASURED IN $","ORGANIC STATUS","ORGANIC STATUS: (NOP USDA CERTIFIED)","1,752,592","25.4"
"CENSUS",2016,"YEAR",NA,"STATE","OREGON",41,NA,NA,NA,NA,NA,NA,0,NA,"STRAWBERRIES","STRAWBERRIES, ORGANIC - SALES, MEASURED IN CWT","ORGANIC STATUS","ORGANIC STATUS: (NOP USDA CERTIFIED)","5,832","24.7"
"CENSUS",2016,"YEAR",NA,"STATE","OREGON",41,NA,NA,NA,NA,NA,NA,0,NA,"STRAWBERRIES","STRAWBERRIES, ORGANIC, FRESH MARKET - OPERATIONS WITH SALES","ORGANIC STATUS","ORGANIC STATUS: (NOP USDA CERTIFIED)","23","9"
"CENSUS",2016,"YEAR",NA,"STATE","OREGON",41,NA,NA,NA,NA,NA,NA,0,NA,"STRAWBERRIES","STRAWBERRIES, ORGANIC, FRESH MARKET - SALES, MEASURED IN $","ORGANIC STATUS","ORGANIC STATUS: (NOP USDA CERTIFIED)"," (D)","(D)"
"CENSUS",2016,"YEAR",NA,"STATE","OREGON",41,NA,NA,NA,NA,NA,NA,0,NA,"STRAWBERRIES","STRAWBERRIES, ORGANIC, FRESH MARKET - SALES, MEASURED IN CWT","ORGANIC STATUS","ORGANIC STATUS: (NOP USDA CERTIFIED)","1,980","12.2"
"CENSUS",2016,"YEAR",NA,"STATE","OREGON",41,NA,NA,NA,NA,NA,NA,0,NA,"STRAWBERRIES","STRAWBERRIES, ORGANIC, PROCESSING - OPERATIONS WITH SALES","ORGANIC STATUS","ORGANIC STATUS: (NOP USDA CERTIFIED)","6","33.5"
"CENSUS",2016,"YEAR",NA,"STATE","OREGON",41,NA,NA,NA,NA,NA,NA,0,NA,"STRAWBERRIES","STRAWBERRIES, ORGANIC, PROCESSING - SALES, MEASURED IN $","ORGANIC STATUS","ORGANIC STATUS: (NOP USDA CERTIFIED)"," (D)","(D)"
"CENSUS",2016,"YEAR",NA,"STATE","OREGON",41,NA,NA,NA,NA,NA,NA,0,NA,"STRAWBERRIES","STRAWBERRIES, ORGANIC, PROCESSING - SALES, MEASURED IN CWT","ORGANIC STATUS","ORGANIC STATUS: (NOP USDA CERTIFIED)","3,852","39.3"
"CENSUS",2016,"YEAR",NA,"STATE","WASHINGTON",53,NA,NA,NA,NA,NA,NA,0,NA,"STRAWBERRIES","STRAWBERRIES, ORGANIC - ACRES HARVESTED","ORGANIC STATUS","ORGANIC STATUS: (NOP USDA CERTIFIED)","138","17.8"
"CENSUS",2016,"YEAR",NA,"STATE","WASHINGTON",53,NA,NA,NA,NA,NA,NA,0,NA,"STRAWBERRIES","STRAWBERRIES, ORGANIC - OPERATIONS WITH AREA HARVESTED","ORGANIC STATUS","ORGANIC STATUS: (NOP USDA CERTIFIED)","52","5.3"
"CENSUS",2016,"YEAR",NA,"STATE","WASHINGTON",53,NA,NA,NA,NA,NA,NA,0,NA,"STRAWBERRIES","STRAWBERRIES, ORGANIC - OPERATIONS WITH SALES","ORGANIC STATUS","ORGANIC STATUS: (NOP USDA CERTIFIED)","52","5.3"
"CENSUS",2016,"YEAR",NA,"STATE","WASHINGTON",53,NA,NA,NA,NA,NA,NA,0,NA,"STRAWBERRIES","STRAWBERRIES, ORGANIC - PRODUCTION, MEASURED IN CWT","ORGANIC STATUS","ORGANIC STATUS: (NOP USDA CERTIFIED)","10,718","23.4"
"CENSUS",2016,"YEAR",NA,"STATE","WASHINGTON",53,NA,NA,NA,NA,NA,NA,0,NA,"STRAWBERRIES","STRAWBERRIES, ORGANIC - SALES, MEASURED IN $","ORGANIC STATUS","ORGANIC STATUS: (NOP USDA CERTIFIED)","2,917,197","22.3"
"CENSUS",2016,"YEAR",NA,"STATE","WASHINGTON",53,NA,NA,NA,NA,NA,NA,0,NA,"STRAWBERRIES","STRAWBERRIES, ORGANIC - SALES, MEASURED IN CWT","ORGANIC STATUS","ORGANIC STATUS: (NOP USDA CERTIFIED)","10,718","23.4"
"CENSUS",2016,"YEAR",NA,"STATE","WASHINGTON",53,NA,NA,NA,NA,NA,NA,0,NA,"STRAWBERRIES","STRAWBERRIES, ORGANIC, FRESH MARKET - OPERATIONS WITH SALES","ORGANIC STATUS","ORGANIC STATUS: (NOP USDA CERTIFIED)","52","5.3"
"CENSUS",2016,"YEAR",NA,"STATE","WASHINGTON",53,NA,NA,NA,NA,NA,NA,0,NA,"STRAWBERRIES","STRAWBERRIES, ORGANIC, FRESH MARKET - SALES, MEASURED IN $","ORGANIC STATUS","ORGANIC STATUS: (NOP USDA CERTIFIED)"," (D)","(D)"
"CENSUS",2016,"YEAR",NA,"STATE","WASHINGTON",53,NA,NA,NA,NA,NA,NA,0,NA,"STRAWBERRIES","STRAWBERRIES, ORGANIC, FRESH MARKET - SALES, MEASURED IN CWT","ORGANIC STATUS","ORGANIC STATUS: (NOP USDA CERTIFIED)","10,383","24.2"
"CENSUS",2016,"YEAR",NA,"STATE","WASHINGTON",53,NA,NA,NA,NA,NA,NA,0,NA,"STRAWBERRIES","STRAWBERRIES, ORGANIC, PROCESSING - OPERATIONS WITH SALES","ORGANIC STATUS","ORGANIC STATUS: (NOP USDA CERTIFIED)","6","21.2"
"CENSUS",2016,"YEAR",NA,"STATE","WASHINGTON",53,NA,NA,NA,NA,NA,NA,0,NA,"STRAWBERRIES","STRAWBERRIES, ORGANIC, PROCESSING - SALES, MEASURED IN $","ORGANIC STATUS","ORGANIC STATUS: (NOP USDA CERTIFIED)"," (D)","(D)"
"CENSUS",2016,"YEAR",NA,"STATE","WASHINGTON",53,NA,NA,NA,NA,NA,NA,0,NA,"STRAWBERRIES","STRAWBERRIES, ORGANIC, PROCESSING - SALES, MEASURED IN CWT","ORGANIC STATUS","ORGANIC STATUS: (NOP USDA CERTIFIED)","335","49.5"
"CENSUS",2015,"YEAR",NA,"STATE","CALIFORNIA",6,NA,NA,NA,NA,NA,NA,0,NA,"STRAWBERRIES","STRAWBERRIES, ORGANIC - ACRES HARVESTED","ORGANIC STATUS","ORGANIC STATUS: (NOP USDA CERTIFIED)","3,461","33.6"
"CENSUS",2015,"YEAR",NA,"STATE","CALIFORNIA",6,NA,NA,NA,NA,NA,NA,0,NA,"STRAWBERRIES","STRAWBERRIES, ORGANIC - OPERATIONS WITH AREA HARVESTED","ORGANIC STATUS","ORGANIC STATUS: (NOP USDA CERTIFIED)","175","9.2"
"CENSUS",2015,"YEAR",NA,"STATE","CALIFORNIA",6,NA,NA,NA,NA,NA,NA,0,NA,"STRAWBERRIES","STRAWBERRIES, ORGANIC - OPERATIONS WITH SALES","ORGANIC STATUS","ORGANIC STATUS: (NOP USDA CERTIFIED)","175","9.2"
"CENSUS",2015,"YEAR",NA,"STATE","CALIFORNIA",6,NA,NA,NA,NA,NA,NA,0,NA,"STRAWBERRIES","STRAWBERRIES, ORGANIC - PRODUCTION, MEASURED IN CWT","ORGANIC STATUS","ORGANIC STATUS: (NOP USDA CERTIFIED)","869,021","41.7"
"CENSUS",2015,"YEAR",NA,"STATE","CALIFORNIA",6,NA,NA,NA,NA,NA,NA,0,NA,"STRAWBERRIES","STRAWBERRIES, ORGANIC - SALES, MEASURED IN $","ORGANIC STATUS","ORGANIC STATUS: (NOP USDA CERTIFIED)","144,304,480","52.0"
"CENSUS",2015,"YEAR",NA,"STATE","CALIFORNIA",6,NA,NA,NA,NA,NA,NA,0,NA,"STRAWBERRIES","STRAWBERRIES, ORGANIC - SALES, MEASURED IN CWT","ORGANIC STATUS","ORGANIC STATUS: (NOP USDA CERTIFIED)","738,062","47.0"
"CENSUS",2015,"YEAR",NA,"STATE","FLORIDA",12,NA,NA,NA,NA,NA,NA,0,NA,"STRAWBERRIES","STRAWBERRIES, ORGANIC - ACRES HARVESTED","ORGANIC STATUS","ORGANIC STATUS: (NOP USDA CERTIFIED)","182","67.2"
"CENSUS",2015,"YEAR",NA,"STATE","FLORIDA",12,NA,NA,NA,NA,NA,NA,0,NA,"STRAWBERRIES","STRAWBERRIES, ORGANIC - OPERATIONS WITH AREA HARVESTED","ORGANIC STATUS","ORGANIC STATUS: (NOP USDA CERTIFIED)","11","45.5"
"CENSUS",2015,"YEAR",NA,"STATE","FLORIDA",12,NA,NA,NA,NA,NA,NA,0,NA,"STRAWBERRIES","STRAWBERRIES, ORGANIC - OPERATIONS WITH SALES","ORGANIC STATUS","ORGANIC STATUS: (NOP USDA CERTIFIED)","11","45.5"
"CENSUS",2015,"YEAR",NA,"STATE","FLORIDA",12,NA,NA,NA,NA,NA,NA,0,NA,"STRAWBERRIES","STRAWBERRIES, ORGANIC - PRODUCTION, MEASURED IN CWT","ORGANIC STATUS","ORGANIC STATUS: (NOP USDA CERTIFIED)","9,074","72.3"
"CENSUS",2015,"YEAR",NA,"STATE","FLORIDA",12,NA,NA,NA,NA,NA,NA,0,NA,"STRAWBERRIES","STRAWBERRIES, ORGANIC - SALES, MEASURED IN $","ORGANIC STATUS","ORGANIC STATUS: (NOP USDA CERTIFIED)"," (D)","(D)"
"CENSUS",2015,"YEAR",NA,"STATE","FLORIDA",12,NA,NA,NA,NA,NA,NA,0,NA,"STRAWBERRIES","STRAWBERRIES, ORGANIC - SALES, MEASURED IN CWT","ORGANIC STATUS","ORGANIC STATUS: (NOP USDA CERTIFIED)","8,842","73.6"
"CENSUS",2015,"YEAR",NA,"STATE","NEW YORK",36,NA,NA,NA,NA,NA,NA,0,NA,"STRAWBERRIES","STRAWBERRIES, ORGANIC - ACRES HARVESTED","ORGANIC STATUS","ORGANIC STATUS: (NOP USDA CERTIFIED)","40","42.1"
"CENSUS",2015,"YEAR",NA,"STATE","NEW YORK",36,NA,NA,NA,NA,NA,NA,0,NA,"STRAWBERRIES","STRAWBERRIES, ORGANIC - OPERATIONS WITH AREA HARVESTED","ORGANIC STATUS","ORGANIC STATUS: (NOP USDA CERTIFIED)","21","36.6"
"CENSUS",2015,"YEAR",NA,"STATE","NEW YORK",36,NA,NA,NA,NA,NA,NA,0,NA,"STRAWBERRIES","STRAWBERRIES, ORGANIC - OPERATIONS WITH SALES","ORGANIC STATUS","ORGANIC STATUS: (NOP USDA CERTIFIED)","21","36.6"
"CENSUS",2015,"YEAR",NA,"STATE","NEW YORK",36,NA,NA,NA,NA,NA,NA,0,NA,"STRAWBERRIES","STRAWBERRIES, ORGANIC - PRODUCTION, MEASURED IN CWT","ORGANIC STATUS","ORGANIC STATUS: (NOP USDA CERTIFIED)","2,762","42.5"
"CENSUS",2015,"YEAR",NA,"STATE","NEW YORK",36,NA,NA,NA,NA,NA,NA,0,NA,"STRAWBERRIES","STRAWBERRIES, ORGANIC - SALES, MEASURED IN $","ORGANIC STATUS","ORGANIC STATUS: (NOP USDA CERTIFIED)","222,146","49.2"
"CENSUS",2015,"YEAR",NA,"STATE","NEW YORK",36,NA,NA,NA,NA,NA,NA,0,NA,"STRAWBERRIES","STRAWBERRIES, ORGANIC - SALES, MEASURED IN CWT","ORGANIC STATUS","ORGANIC STATUS: (NOP USDA CERTIFIED)","1,871","50.1"
"CENSUS",2015,"YEAR",NA,"STATE","NORTH CAROLINA",37,NA,NA,NA,NA,NA,NA,0,NA,"STRAWBERRIES","STRAWBERRIES, ORGANIC - ACRES HARVESTED","ORGANIC STATUS","ORGANIC STATUS: (NOP USDA CERTIFIED)","18","44.7"
"CENSUS",2015,"YEAR",NA,"STATE","NORTH CAROLINA",37,NA,NA,NA,NA,NA,NA,0,NA,"STRAWBERRIES","STRAWBERRIES, ORGANIC - OPERATIONS WITH AREA HARVESTED","ORGANIC STATUS","ORGANIC STATUS: (NOP USDA CERTIFIED)","11","25.2"
"CENSUS",2015,"YEAR",NA,"STATE","NORTH CAROLINA",37,NA,NA,NA,NA,NA,NA,0,NA,"STRAWBERRIES","STRAWBERRIES, ORGANIC - OPERATIONS WITH SALES","ORGANIC STATUS","ORGANIC STATUS: (NOP USDA CERTIFIED)","11","25.2"
"CENSUS",2015,"YEAR",NA,"STATE","NORTH CAROLINA",37,NA,NA,NA,NA,NA,NA,0,NA,"STRAWBERRIES","STRAWBERRIES, ORGANIC - PRODUCTION, MEASURED IN CWT","ORGANIC STATUS","ORGANIC STATUS: (NOP USDA CERTIFIED)","2,366","57.5"
"CENSUS",2015,"YEAR",NA,"STATE","NORTH CAROLINA",37,NA,NA,NA,NA,NA,NA,0,NA,"STRAWBERRIES","STRAWBERRIES, ORGANIC - SALES, MEASURED IN $","ORGANIC STATUS","ORGANIC STATUS: (NOP USDA CERTIFIED)","728,216","60.3"
"CENSUS",2015,"YEAR",NA,"STATE","NORTH CAROLINA",37,NA,NA,NA,NA,NA,NA,0,NA,"STRAWBERRIES","STRAWBERRIES, ORGANIC - SALES, MEASURED IN CWT","ORGANIC STATUS","ORGANIC STATUS: (NOP USDA CERTIFIED)","2,355","59.9"
"CENSUS",2015,"YEAR",NA,"STATE","OREGON",41,NA,NA,NA,NA,NA,NA,0,NA,"STRAWBERRIES","STRAWBERRIES, ORGANIC - ACRES HARVESTED","ORGANIC STATUS","ORGANIC STATUS: (NOP USDA CERTIFIED)","30","(H)"
"CENSUS",2015,"YEAR",NA,"STATE","OREGON",41,NA,NA,NA,NA,NA,NA,0,NA,"STRAWBERRIES","STRAWBERRIES, ORGANIC - OPERATIONS WITH AREA HARVESTED","ORGANIC STATUS","ORGANIC STATUS: (NOP USDA CERTIFIED)","22","63.1"
"CENSUS",2015,"YEAR",NA,"STATE","OREGON",41,NA,NA,NA,NA,NA,NA,0,NA,"STRAWBERRIES","STRAWBERRIES, ORGANIC - OPERATIONS WITH SALES","ORGANIC STATUS","ORGANIC STATUS: (NOP USDA CERTIFIED)","22","63.1"
"CENSUS",2015,"YEAR",NA,"STATE","OREGON",41,NA,NA,NA,NA,NA,NA,0,NA,"STRAWBERRIES","STRAWBERRIES, ORGANIC - PRODUCTION, MEASURED IN CWT","ORGANIC STATUS","ORGANIC STATUS: (NOP USDA CERTIFIED)","2,136","87.7"
"CENSUS",2015,"YEAR",NA,"STATE","OREGON",41,NA,NA,NA,NA,NA,NA,0,NA,"STRAWBERRIES","STRAWBERRIES, ORGANIC - SALES, MEASURED IN $","ORGANIC STATUS","ORGANIC STATUS: (NOP USDA CERTIFIED)","714,604","70.5"
"CENSUS",2015,"YEAR",NA,"STATE","OREGON",41,NA,NA,NA,NA,NA,NA,0,NA,"STRAWBERRIES","STRAWBERRIES, ORGANIC - SALES, MEASURED IN CWT","ORGANIC STATUS","ORGANIC STATUS: (NOP USDA CERTIFIED)","1,755","75.8"
"CENSUS",2015,"YEAR",NA,"STATE","WASHINGTON",53,NA,NA,NA,NA,NA,NA,0,NA,"STRAWBERRIES","STRAWBERRIES, ORGANIC - ACRES HARVESTED","ORGANIC STATUS","ORGANIC STATUS: (NOP USDA CERTIFIED)","67","82.5"
"CENSUS",2015,"YEAR",NA,"STATE","WASHINGTON",53,NA,NA,NA,NA,NA,NA,0,NA,"STRAWBERRIES","STRAWBERRIES, ORGANIC - OPERATIONS WITH AREA HARVESTED","ORGANIC STATUS","ORGANIC STATUS: (NOP USDA CERTIFIED)","42","35.0"
"CENSUS",2015,"YEAR",NA,"STATE","WASHINGTON",53,NA,NA,NA,NA,NA,NA,0,NA,"STRAWBERRIES","STRAWBERRIES, ORGANIC - OPERATIONS WITH SALES","ORGANIC STATUS","ORGANIC STATUS: (NOP USDA CERTIFIED)","42","35.0"
"CENSUS",2015,"YEAR",NA,"STATE","WASHINGTON",53,NA,NA,NA,NA,NA,NA,0,NA,"STRAWBERRIES","STRAWBERRIES, ORGANIC - PRODUCTION, MEASURED IN CWT","ORGANIC STATUS","ORGANIC STATUS: (NOP USDA CERTIFIED)","2,697","82.9"
"CENSUS",2015,"YEAR",NA,"STATE","WASHINGTON",53,NA,NA,NA,NA,NA,NA,0,NA,"STRAWBERRIES","STRAWBERRIES, ORGANIC - SALES, MEASURED IN $","ORGANIC STATUS","ORGANIC STATUS: (NOP USDA CERTIFIED)","609,592","(H)"
"CENSUS",2015,"YEAR",NA,"STATE","WASHINGTON",53,NA,NA,NA,NA,NA,NA,0,NA,"STRAWBERRIES","STRAWBERRIES, ORGANIC - SALES, MEASURED IN CWT","ORGANIC STATUS","ORGANIC STATUS: (NOP USDA CERTIFIED)","2,627","84.0"
"CENSUS",2014,"YEAR",NA,"STATE","CALIFORNIA",6,NA,NA,NA,NA,NA,NA,0,NA,"STRAWBERRIES","STRAWBERRIES, ORGANIC - ACRES HARVESTED","ORGANIC STATUS","ORGANIC STATUS: (NOP USDA CERTIFIED)","2,531","44.8"
"CENSUS",2014,"YEAR",NA,"STATE","CALIFORNIA",6,NA,NA,NA,NA,NA,NA,0,NA,"STRAWBERRIES","STRAWBERRIES, ORGANIC - OPERATIONS WITH AREA HARVESTED","ORGANIC STATUS","ORGANIC STATUS: (NOP USDA CERTIFIED)","139","15.9"
"CENSUS",2014,"YEAR",NA,"STATE","CALIFORNIA",6,NA,NA,NA,NA,NA,NA,0,NA,"STRAWBERRIES","STRAWBERRIES, ORGANIC - OPERATIONS WITH SALES","ORGANIC STATUS","ORGANIC STATUS: (NOP USDA CERTIFIED)","139","15.9"
"CENSUS",2014,"YEAR",NA,"STATE","CALIFORNIA",6,NA,NA,NA,NA,NA,NA,0,NA,"STRAWBERRIES","STRAWBERRIES, ORGANIC - OPERATIONS WITH SALES IN CONVENTIONAL MARKETS","ORGANIC STATUS","ORGANIC STATUS: (NOP USDA CERTIFIED)","6","51.5"
"CENSUS",2014,"YEAR",NA,"STATE","CALIFORNIA",6,NA,NA,NA,NA,NA,NA,0,NA,"STRAWBERRIES","STRAWBERRIES, ORGANIC - OPERATIONS WITH SALES IN ORGANIC MARKETS","ORGANIC STATUS","ORGANIC STATUS: (NOP USDA CERTIFIED)","139","15.9"
"CENSUS",2014,"YEAR",NA,"STATE","CALIFORNIA",6,NA,NA,NA,NA,NA,NA,0,NA,"STRAWBERRIES","STRAWBERRIES, ORGANIC - PRODUCTION, MEASURED IN CWT","ORGANIC STATUS","ORGANIC STATUS: (NOP USDA CERTIFIED)","537,572","31.2"
"CENSUS",2014,"YEAR",NA,"STATE","CALIFORNIA",6,NA,NA,NA,NA,NA,NA,0,NA,"STRAWBERRIES","STRAWBERRIES, ORGANIC - SALES IN CONVENTIONAL MARKETS, MEASURED IN $","ORGANIC STATUS","ORGANIC STATUS: (NOP USDA CERTIFIED)","1,560","65.9"
"CENSUS",2014,"YEAR",NA,"STATE","CALIFORNIA",6,NA,NA,NA,NA,NA,NA,0,NA,"STRAWBERRIES","STRAWBERRIES, ORGANIC - SALES IN CONVENTIONAL MARKETS, MEASURED IN CWT","ORGANIC STATUS","ORGANIC STATUS: (NOP USDA CERTIFIED)","16","63.8"
"CENSUS",2014,"YEAR",NA,"STATE","CALIFORNIA",6,NA,NA,NA,NA,NA,NA,0,NA,"STRAWBERRIES","STRAWBERRIES, ORGANIC - SALES IN ORGANIC MARKETS, MEASURED IN $","ORGANIC STATUS","ORGANIC STATUS: (NOP USDA CERTIFIED)","82,907,889","27.7"
"CENSUS",2014,"YEAR",NA,"STATE","CALIFORNIA",6,NA,NA,NA,NA,NA,NA,0,NA,"STRAWBERRIES","STRAWBERRIES, ORGANIC - SALES IN ORGANIC MARKETS, MEASURED IN CWT","ORGANIC STATUS","ORGANIC STATUS: (NOP USDA CERTIFIED)","535,552","31.3"
"CENSUS",2014,"YEAR",NA,"STATE","CALIFORNIA",6,NA,NA,NA,NA,NA,NA,0,NA,"STRAWBERRIES","STRAWBERRIES, ORGANIC - SALES, MEASURED IN $","ORGANIC STATUS","ORGANIC STATUS: (NOP USDA CERTIFIED)","82,909,449","27.7"
"CENSUS",2014,"YEAR",NA,"STATE","CALIFORNIA",6,NA,NA,NA,NA,NA,NA,0,NA,"STRAWBERRIES","STRAWBERRIES, ORGANIC - SALES, MEASURED IN CWT","ORGANIC STATUS","ORGANIC STATUS: (NOP USDA CERTIFIED)","535,569","31.3"
"CENSUS",2014,"YEAR",NA,"STATE","FLORIDA",12,NA,NA,NA,NA,NA,NA,0,NA,"STRAWBERRIES","STRAWBERRIES, ORGANIC - ACRES HARVESTED","ORGANIC STATUS","ORGANIC STATUS: (NOP USDA CERTIFIED)"," (D)","(D)"
"CENSUS",2014,"YEAR",NA,"STATE","FLORIDA",12,NA,NA,NA,NA,NA,NA,0,NA,"STRAWBERRIES","STRAWBERRIES, ORGANIC - OPERATIONS WITH AREA HARVESTED","ORGANIC STATUS","ORGANIC STATUS: (NOP USDA CERTIFIED)","12","21.4"
"CENSUS",2014,"YEAR",NA,"STATE","FLORIDA",12,NA,NA,NA,NA,NA,NA,0,NA,"STRAWBERRIES","STRAWBERRIES, ORGANIC - OPERATIONS WITH SALES","ORGANIC STATUS","ORGANIC STATUS: (NOP USDA CERTIFIED)","12","21.4"
"CENSUS",2014,"YEAR",NA,"STATE","FLORIDA",12,NA,NA,NA,NA,NA,NA,0,NA,"STRAWBERRIES","STRAWBERRIES, ORGANIC - OPERATIONS WITH SALES IN ORGANIC MARKETS","ORGANIC STATUS","ORGANIC STATUS: (NOP USDA CERTIFIED)","12","21.4"
"CENSUS",2014,"YEAR",NA,"STATE","FLORIDA",12,NA,NA,NA,NA,NA,NA,0,NA,"STRAWBERRIES","STRAWBERRIES, ORGANIC - PRODUCTION, MEASURED IN CWT","ORGANIC STATUS","ORGANIC STATUS: (NOP USDA CERTIFIED)"," (D)","(D)"
"CENSUS",2014,"YEAR",NA,"STATE","FLORIDA",12,NA,NA,NA,NA,NA,NA,0,NA,"STRAWBERRIES","STRAWBERRIES, ORGANIC - SALES IN ORGANIC MARKETS, MEASURED IN $","ORGANIC STATUS","ORGANIC STATUS: (NOP USDA CERTIFIED)"," (D)","(D)"
"CENSUS",2014,"YEAR",NA,"STATE","FLORIDA",12,NA,NA,NA,NA,NA,NA,0,NA,"STRAWBERRIES","STRAWBERRIES, ORGANIC - SALES IN ORGANIC MARKETS, MEASURED IN CWT","ORGANIC STATUS","ORGANIC STATUS: (NOP USDA CERTIFIED)"," (D)","(D)"
"CENSUS",2014,"YEAR",NA,"STATE","FLORIDA",12,NA,NA,NA,NA,NA,NA,0,NA,"STRAWBERRIES","STRAWBERRIES, ORGANIC - SALES, MEASURED IN $","ORGANIC STATUS","ORGANIC STATUS: (NOP USDA CERTIFIED)"," (D)","(D)"
"CENSUS",2014,"YEAR",NA,"STATE","FLORIDA",12,NA,NA,NA,NA,NA,NA,0,NA,"STRAWBERRIES","STRAWBERRIES, ORGANIC - SALES, MEASURED IN CWT","ORGANIC STATUS","ORGANIC STATUS: (NOP USDA CERTIFIED)"," (D)","(D)"
"CENSUS",2014,"YEAR",NA,"STATE","NEW YORK",36,NA,NA,NA,NA,NA,NA,0,NA,"STRAWBERRIES","STRAWBERRIES, ORGANIC - ACRES HARVESTED","ORGANIC STATUS","ORGANIC STATUS: (NOP USDA CERTIFIED)","38","41.9"
"CENSUS",2014,"YEAR",NA,"STATE","NEW YORK",36,NA,NA,NA,NA,NA,NA,0,NA,"STRAWBERRIES","STRAWBERRIES, ORGANIC - OPERATIONS WITH AREA HARVESTED","ORGANIC STATUS","ORGANIC STATUS: (NOP USDA CERTIFIED)","30","39.3"
"CENSUS",2014,"YEAR",NA,"STATE","NEW YORK",36,NA,NA,NA,NA,NA,NA,0,NA,"STRAWBERRIES","STRAWBERRIES, ORGANIC - OPERATIONS WITH SALES","ORGANIC STATUS","ORGANIC STATUS: (NOP USDA CERTIFIED)","30","39.3"
"CENSUS",2014,"YEAR",NA,"STATE","NEW YORK",36,NA,NA,NA,NA,NA,NA,0,NA,"STRAWBERRIES","STRAWBERRIES, ORGANIC - OPERATIONS WITH SALES IN CONVENTIONAL MARKETS","ORGANIC STATUS","ORGANIC STATUS: (NOP USDA CERTIFIED)","1","(H)"
"CENSUS",2014,"YEAR",NA,"STATE","NEW YORK",36,NA,NA,NA,NA,NA,NA,0,NA,"STRAWBERRIES","STRAWBERRIES, ORGANIC - OPERATIONS WITH SALES IN ORGANIC MARKETS","ORGANIC STATUS","ORGANIC STATUS: (NOP USDA CERTIFIED)","30","39.3"
"CENSUS",2014,"YEAR",NA,"STATE","NEW YORK",36,NA,NA,NA,NA,NA,NA,0,NA,"STRAWBERRIES","STRAWBERRIES, ORGANIC - PRODUCTION, MEASURED IN CWT","ORGANIC STATUS","ORGANIC STATUS: (NOP USDA CERTIFIED)","1,679","41.9"
"CENSUS",2014,"YEAR",NA,"STATE","NEW YORK",36,NA,NA,NA,NA,NA,NA,0,NA,"STRAWBERRIES","STRAWBERRIES, ORGANIC - SALES IN CONVENTIONAL MARKETS, MEASURED IN $","ORGANIC STATUS","ORGANIC STATUS: (NOP USDA CERTIFIED)"," (D)","(D)"
"CENSUS",2014,"YEAR",NA,"STATE","NEW YORK",36,NA,NA,NA,NA,NA,NA,0,NA,"STRAWBERRIES","STRAWBERRIES, ORGANIC - SALES IN CONVENTIONAL MARKETS, MEASURED IN CWT","ORGANIC STATUS","ORGANIC STATUS: (NOP USDA CERTIFIED)"," (D)","(D)"
"CENSUS",2014,"YEAR",NA,"STATE","NEW YORK",36,NA,NA,NA,NA,NA,NA,0,NA,"STRAWBERRIES","STRAWBERRIES, ORGANIC - SALES IN ORGANIC MARKETS, MEASURED IN $","ORGANIC STATUS","ORGANIC STATUS: (NOP USDA CERTIFIED)"," (D)","(D)"
"CENSUS",2014,"YEAR",NA,"STATE","NEW YORK",36,NA,NA,NA,NA,NA,NA,0,NA,"STRAWBERRIES","STRAWBERRIES, ORGANIC - SALES IN ORGANIC MARKETS, MEASURED IN CWT","ORGANIC STATUS","ORGANIC STATUS: (NOP USDA CERTIFIED)"," (D)","(D)"
"CENSUS",2014,"YEAR",NA,"STATE","NEW YORK",36,NA,NA,NA,NA,NA,NA,0,NA,"STRAWBERRIES","STRAWBERRIES, ORGANIC - SALES, MEASURED IN $","ORGANIC STATUS","ORGANIC STATUS: (NOP USDA CERTIFIED)","507,256","43.8"
"CENSUS",2014,"YEAR",NA,"STATE","NEW YORK",36,NA,NA,NA,NA,NA,NA,0,NA,"STRAWBERRIES","STRAWBERRIES, ORGANIC - SALES, MEASURED IN CWT","ORGANIC STATUS","ORGANIC STATUS: (NOP USDA CERTIFIED)"," (D)","(D)"
"CENSUS",2014,"YEAR",NA,"STATE","NORTH CAROLINA",37,NA,NA,NA,NA,NA,NA,0,NA,"STRAWBERRIES","STRAWBERRIES, ORGANIC - ACRES HARVESTED","ORGANIC STATUS","ORGANIC STATUS: (NOP USDA CERTIFIED)"," (D)","(D)"
"CENSUS",2014,"YEAR",NA,"STATE","NORTH CAROLINA",37,NA,NA,NA,NA,NA,NA,0,NA,"STRAWBERRIES","STRAWBERRIES, ORGANIC - OPERATIONS WITH AREA HARVESTED","ORGANIC STATUS","ORGANIC STATUS: (NOP USDA CERTIFIED)","17","37.1"
"CENSUS",2014,"YEAR",NA,"STATE","NORTH CAROLINA",37,NA,NA,NA,NA,NA,NA,0,NA,"STRAWBERRIES","STRAWBERRIES, ORGANIC - OPERATIONS WITH SALES","ORGANIC STATUS","ORGANIC STATUS: (NOP USDA CERTIFIED)","16","40.1"
"CENSUS",2014,"YEAR",NA,"STATE","NORTH CAROLINA",37,NA,NA,NA,NA,NA,NA,0,NA,"STRAWBERRIES","STRAWBERRIES, ORGANIC - OPERATIONS WITH SALES IN CONVENTIONAL MARKETS","ORGANIC STATUS","ORGANIC STATUS: (NOP USDA CERTIFIED)","1","(H)"
"CENSUS",2014,"YEAR",NA,"STATE","NORTH CAROLINA",37,NA,NA,NA,NA,NA,NA,0,NA,"STRAWBERRIES","STRAWBERRIES, ORGANIC - OPERATIONS WITH SALES IN ORGANIC MARKETS","ORGANIC STATUS","ORGANIC STATUS: (NOP USDA CERTIFIED)","15","42.8"
"CENSUS",2014,"YEAR",NA,"STATE","NORTH CAROLINA",37,NA,NA,NA,NA,NA,NA,0,NA,"STRAWBERRIES","STRAWBERRIES, ORGANIC - PRODUCTION, MEASURED IN CWT","ORGANIC STATUS","ORGANIC STATUS: (NOP USDA CERTIFIED)"," (D)","(D)"
"CENSUS",2014,"YEAR",NA,"STATE","NORTH CAROLINA",37,NA,NA,NA,NA,NA,NA,0,NA,"STRAWBERRIES","STRAWBERRIES, ORGANIC - SALES IN CONVENTIONAL MARKETS, MEASURED IN $","ORGANIC STATUS","ORGANIC STATUS: (NOP USDA CERTIFIED)"," (D)","(D)"
"CENSUS",2014,"YEAR",NA,"STATE","NORTH CAROLINA",37,NA,NA,NA,NA,NA,NA,0,NA,"STRAWBERRIES","STRAWBERRIES, ORGANIC - SALES IN CONVENTIONAL MARKETS, MEASURED IN CWT","ORGANIC STATUS","ORGANIC STATUS: (NOP USDA CERTIFIED)"," (D)","(D)"
"CENSUS",2014,"YEAR",NA,"STATE","NORTH CAROLINA",37,NA,NA,NA,NA,NA,NA,0,NA,"STRAWBERRIES","STRAWBERRIES, ORGANIC - SALES IN ORGANIC MARKETS, MEASURED IN $","ORGANIC STATUS","ORGANIC STATUS: (NOP USDA CERTIFIED)"," (D)","(D)"
"CENSUS",2014,"YEAR",NA,"STATE","NORTH CAROLINA",37,NA,NA,NA,NA,NA,NA,0,NA,"STRAWBERRIES","STRAWBERRIES, ORGANIC - SALES IN ORGANIC MARKETS, MEASURED IN CWT","ORGANIC STATUS","ORGANIC STATUS: (NOP USDA CERTIFIED)"," (D)","(D)"
"CENSUS",2014,"YEAR",NA,"STATE","NORTH CAROLINA",37,NA,NA,NA,NA,NA,NA,0,NA,"STRAWBERRIES","STRAWBERRIES, ORGANIC - SALES, MEASURED IN $","ORGANIC STATUS","ORGANIC STATUS: (NOP USDA CERTIFIED)"," (D)","(D)"
"CENSUS",2014,"YEAR",NA,"STATE","NORTH CAROLINA",37,NA,NA,NA,NA,NA,NA,0,NA,"STRAWBERRIES","STRAWBERRIES, ORGANIC - SALES, MEASURED IN CWT","ORGANIC STATUS","ORGANIC STATUS: (NOP USDA CERTIFIED)"," (D)","(D)"
"CENSUS",2014,"YEAR",NA,"STATE","OREGON",41,NA,NA,NA,NA,NA,NA,0,NA,"STRAWBERRIES","STRAWBERRIES, ORGANIC - ACRES HARVESTED","ORGANIC STATUS","ORGANIC STATUS: (NOP USDA CERTIFIED)"," (D)","(D)"
"CENSUS",2014,"YEAR",NA,"STATE","OREGON",41,NA,NA,NA,NA,NA,NA,0,NA,"STRAWBERRIES","STRAWBERRIES, ORGANIC - OPERATIONS WITH AREA HARVESTED","ORGANIC STATUS","ORGANIC STATUS: (NOP USDA CERTIFIED)","24","36.0"
"CENSUS",2014,"YEAR",NA,"STATE","OREGON",41,NA,NA,NA,NA,NA,NA,0,NA,"STRAWBERRIES","STRAWBERRIES, ORGANIC - OPERATIONS WITH SALES","ORGANIC STATUS","ORGANIC STATUS: (NOP USDA CERTIFIED)","24","36.0"
"CENSUS",2014,"YEAR",NA,"STATE","OREGON",41,NA,NA,NA,NA,NA,NA,0,NA,"STRAWBERRIES","STRAWBERRIES, ORGANIC - OPERATIONS WITH SALES IN ORGANIC MARKETS","ORGANIC STATUS","ORGANIC STATUS: (NOP USDA CERTIFIED)","24","36.0"
"CENSUS",2014,"YEAR",NA,"STATE","OREGON",41,NA,NA,NA,NA,NA,NA,0,NA,"STRAWBERRIES","STRAWBERRIES, ORGANIC - PRODUCTION, MEASURED IN CWT","ORGANIC STATUS","ORGANIC STATUS: (NOP USDA CERTIFIED)"," (D)","(D)"
"CENSUS",2014,"YEAR",NA,"STATE","OREGON",41,NA,NA,NA,NA,NA,NA,0,NA,"STRAWBERRIES","STRAWBERRIES, ORGANIC - SALES IN ORGANIC MARKETS, MEASURED IN $","ORGANIC STATUS","ORGANIC STATUS: (NOP USDA CERTIFIED)"," (D)","(D)"
"CENSUS",2014,"YEAR",NA,"STATE","OREGON",41,NA,NA,NA,NA,NA,NA,0,NA,"STRAWBERRIES","STRAWBERRIES, ORGANIC - SALES IN ORGANIC MARKETS, MEASURED IN CWT","ORGANIC STATUS","ORGANIC STATUS: (NOP USDA CERTIFIED)"," (D)","(D)"
"CENSUS",2014,"YEAR",NA,"STATE","OREGON",41,NA,NA,NA,NA,NA,NA,0,NA,"STRAWBERRIES","STRAWBERRIES, ORGANIC - SALES, MEASURED IN $","ORGANIC STATUS","ORGANIC STATUS: (NOP USDA CERTIFIED)"," (D)","(D)"
"CENSUS",2014,"YEAR",NA,"STATE","OREGON",41,NA,NA,NA,NA,NA,NA,0,NA,"STRAWBERRIES","STRAWBERRIES, ORGANIC - SALES, MEASURED IN CWT","ORGANIC STATUS","ORGANIC STATUS: (NOP USDA CERTIFIED)"," (D)","(D)"
"CENSUS",2014,"YEAR",NA,"STATE","WASHINGTON",53,NA,NA,NA,NA,NA,NA,0,NA,"STRAWBERRIES","STRAWBERRIES, ORGANIC - ACRES HARVESTED","ORGANIC STATUS","ORGANIC STATUS: (NOP USDA CERTIFIED)","62","44.9"
"CENSUS",2014,"YEAR",NA,"STATE","WASHINGTON",53,NA,NA,NA,NA,NA,NA,0,NA,"STRAWBERRIES","STRAWBERRIES, ORGANIC - OPERATIONS WITH AREA HARVESTED","ORGANIC STATUS","ORGANIC STATUS: (NOP USDA CERTIFIED)","45","28.9"
"CENSUS",2014,"YEAR",NA,"STATE","WASHINGTON",53,NA,NA,NA,NA,NA,NA,0,NA,"STRAWBERRIES","STRAWBERRIES, ORGANIC - OPERATIONS WITH SALES","ORGANIC STATUS","ORGANIC STATUS: (NOP USDA CERTIFIED)","42","26.8"
"CENSUS",2014,"YEAR",NA,"STATE","WASHINGTON",53,NA,NA,NA,NA,NA,NA,0,NA,"STRAWBERRIES","STRAWBERRIES, ORGANIC - OPERATIONS WITH SALES IN ORGANIC MARKETS","ORGANIC STATUS","ORGANIC STATUS: (NOP USDA CERTIFIED)","42","26.8"
"CENSUS",2014,"YEAR",NA,"STATE","WASHINGTON",53,NA,NA,NA,NA,NA,NA,0,NA,"STRAWBERRIES","STRAWBERRIES, ORGANIC - PRODUCTION, MEASURED IN CWT","ORGANIC STATUS","ORGANIC STATUS: (NOP USDA CERTIFIED)","2,817","47.5"
"CENSUS",2014,"YEAR",NA,"STATE","WASHINGTON",53,NA,NA,NA,NA,NA,NA,0,NA,"STRAWBERRIES","STRAWBERRIES, ORGANIC - SALES IN ORGANIC MARKETS, MEASURED IN $","ORGANIC STATUS","ORGANIC STATUS: (NOP USDA CERTIFIED)"," (D)","(D)"
"CENSUS",2014,"YEAR",NA,"STATE","WASHINGTON",53,NA,NA,NA,NA,NA,NA,0,NA,"STRAWBERRIES","STRAWBERRIES, ORGANIC - SALES IN ORGANIC MARKETS, MEASURED IN CWT","ORGANIC STATUS","ORGANIC STATUS: (NOP USDA CERTIFIED)","2,796","48.1"
"CENSUS",2014,"YEAR",NA,"STATE","WASHINGTON",53,NA,NA,NA,NA,NA,NA,0,NA,"STRAWBERRIES","STRAWBERRIES, ORGANIC - SALES, MEASURED IN $","ORGANIC STATUS","ORGANIC STATUS: (NOP USDA CERTIFIED)"," (D)","(D)"
"CENSUS",2014,"YEAR",NA,"STATE","WASHINGTON",53,NA,NA,NA,NA,NA,NA,0,NA,"STRAWBERRIES","STRAWBERRIES, ORGANIC - SALES, MEASURED IN CWT","ORGANIC STATUS","ORGANIC STATUS: (NOP USDA CERTIFIED)","2,796","48.1"
"CENSUS",2011,"YEAR",NA,"STATE","CALIFORNIA",6,NA,NA,NA,NA,NA,NA,0,NA,"STRAWBERRIES","STRAWBERRIES, ORGANIC - ACRES HARVESTED","ORGANIC STATUS","ORGANIC STATUS: (NOP USDA CERTIFIED)","1,436",""
"CENSUS",2011,"YEAR",NA,"STATE","CALIFORNIA",6,NA,NA,NA,NA,NA,NA,0,NA,"STRAWBERRIES","STRAWBERRIES, ORGANIC - OPERATIONS WITH AREA HARVESTED","ORGANIC STATUS","ORGANIC STATUS: (NOP USDA CERTIFIED)","95",""
"CENSUS",2011,"YEAR",NA,"STATE","CALIFORNIA",6,NA,NA,NA,NA,NA,NA,0,NA,"STRAWBERRIES","STRAWBERRIES, ORGANIC - OPERATIONS WITH SALES","ORGANIC STATUS","ORGANIC STATUS: (NOP USDA CERTIFIED)","95",""
"CENSUS",2011,"YEAR",NA,"STATE","CALIFORNIA",6,NA,NA,NA,NA,NA,NA,0,NA,"STRAWBERRIES","STRAWBERRIES, ORGANIC - OPERATIONS WITH SALES IN CONVENTIONAL MARKETS","ORGANIC STATUS","ORGANIC STATUS: (NOP USDA CERTIFIED)","1",""
"CENSUS",2011,"YEAR",NA,"STATE","CALIFORNIA",6,NA,NA,NA,NA,NA,NA,0,NA,"STRAWBERRIES","STRAWBERRIES, ORGANIC - OPERATIONS WITH SALES IN ORGANIC MARKETS","ORGANIC STATUS","ORGANIC STATUS: (NOP USDA CERTIFIED)","95",""
"CENSUS",2011,"YEAR",NA,"STATE","CALIFORNIA",6,NA,NA,NA,NA,NA,NA,0,NA,"STRAWBERRIES","STRAWBERRIES, ORGANIC - PRODUCTION, MEASURED IN CWT","ORGANIC STATUS","ORGANIC STATUS: (NOP USDA CERTIFIED)","367,544",""
"CENSUS",2011,"YEAR",NA,"STATE","CALIFORNIA",6,NA,NA,NA,NA,NA,NA,0,NA,"STRAWBERRIES","STRAWBERRIES, ORGANIC - SALES IN CONVENTIONAL MARKETS, MEASURED IN $","ORGANIC STATUS","ORGANIC STATUS: (NOP USDA CERTIFIED)"," (D)",""
"CENSUS",2011,"YEAR",NA,"STATE","CALIFORNIA",6,NA,NA,NA,NA,NA,NA,0,NA,"STRAWBERRIES","STRAWBERRIES, ORGANIC - SALES IN CONVENTIONAL MARKETS, MEASURED IN CWT","ORGANIC STATUS","ORGANIC STATUS: (NOP USDA CERTIFIED)"," (D)",""
"CENSUS",2011,"YEAR",NA,"STATE","CALIFORNIA",6,NA,NA,NA,NA,NA,NA,0,NA,"STRAWBERRIES","STRAWBERRIES, ORGANIC - SALES IN ORGANIC MARKETS, MEASURED IN $","ORGANIC STATUS","ORGANIC STATUS: (NOP USDA CERTIFIED)"," (D)",""
"CENSUS",2011,"YEAR",NA,"STATE","CALIFORNIA",6,NA,NA,NA,NA,NA,NA,0,NA,"STRAWBERRIES","STRAWBERRIES, ORGANIC - SALES IN ORGANIC MARKETS, MEASURED IN CWT","ORGANIC STATUS","ORGANIC STATUS: (NOP USDA CERTIFIED)"," (D)",""
"CENSUS",2011,"YEAR",NA,"STATE","CALIFORNIA",6,NA,NA,NA,NA,NA,NA,0,NA,"STRAWBERRIES","STRAWBERRIES, ORGANIC - SALES, MEASURED IN $","ORGANIC STATUS","ORGANIC STATUS: (NOP USDA CERTIFIED)","63,509,695",""
"CENSUS",2011,"YEAR",NA,"STATE","CALIFORNIA",6,NA,NA,NA,NA,NA,NA,0,NA,"STRAWBERRIES","STRAWBERRIES, ORGANIC - SALES, MEASURED IN CWT","ORGANIC STATUS","ORGANIC STATUS: (NOP USDA CERTIFIED)","366,149",""
"CENSUS",2011,"YEAR",NA,"STATE","FLORIDA",12,NA,NA,NA,NA,NA,NA,0,NA,"STRAWBERRIES","STRAWBERRIES, ORGANIC - ACRES HARVESTED","ORGANIC STATUS","ORGANIC STATUS: (NOP USDA CERTIFIED)"," (D)",""
"CENSUS",2011,"YEAR",NA,"STATE","FLORIDA",12,NA,NA,NA,NA,NA,NA,0,NA,"STRAWBERRIES","STRAWBERRIES, ORGANIC - OPERATIONS WITH AREA HARVESTED","ORGANIC STATUS","ORGANIC STATUS: (NOP USDA CERTIFIED)","4",""
"CENSUS",2011,"YEAR",NA,"STATE","FLORIDA",12,NA,NA,NA,NA,NA,NA,0,NA,"STRAWBERRIES","STRAWBERRIES, ORGANIC - OPERATIONS WITH SALES","ORGANIC STATUS","ORGANIC STATUS: (NOP USDA CERTIFIED)","4",""
"CENSUS",2011,"YEAR",NA,"STATE","FLORIDA",12,NA,NA,NA,NA,NA,NA,0,NA,"STRAWBERRIES","STRAWBERRIES, ORGANIC - OPERATIONS WITH SALES IN ORGANIC MARKETS","ORGANIC STATUS","ORGANIC STATUS: (NOP USDA CERTIFIED)","4",""
"CENSUS",2011,"YEAR",NA,"STATE","FLORIDA",12,NA,NA,NA,NA,NA,NA,0,NA,"STRAWBERRIES","STRAWBERRIES, ORGANIC - PRODUCTION, MEASURED IN CWT","ORGANIC STATUS","ORGANIC STATUS: (NOP USDA CERTIFIED)","352",""
"CENSUS",2011,"YEAR",NA,"STATE","FLORIDA",12,NA,NA,NA,NA,NA,NA,0,NA,"STRAWBERRIES","STRAWBERRIES, ORGANIC - SALES IN ORGANIC MARKETS, MEASURED IN $","ORGANIC STATUS","ORGANIC STATUS: (NOP USDA CERTIFIED)"," (D)",""
"CENSUS",2011,"YEAR",NA,"STATE","FLORIDA",12,NA,NA,NA,NA,NA,NA,0,NA,"STRAWBERRIES","STRAWBERRIES, ORGANIC - SALES IN ORGANIC MARKETS, MEASURED IN CWT","ORGANIC STATUS","ORGANIC STATUS: (NOP USDA CERTIFIED)","352",""
"CENSUS",2011,"YEAR",NA,"STATE","FLORIDA",12,NA,NA,NA,NA,NA,NA,0,NA,"STRAWBERRIES","STRAWBERRIES, ORGANIC - SALES, MEASURED IN $","ORGANIC STATUS","ORGANIC STATUS: (NOP USDA CERTIFIED)"," (D)",""
"CENSUS",2011,"YEAR",NA,"STATE","FLORIDA",12,NA,NA,NA,NA,NA,NA,0,NA,"STRAWBERRIES","STRAWBERRIES, ORGANIC - SALES, MEASURED IN CWT","ORGANIC STATUS","ORGANIC STATUS: (NOP USDA CERTIFIED)","352",""
"CENSUS",2011,"YEAR",NA,"STATE","NEW YORK",36,NA,NA,NA,NA,NA,NA,0,NA,"STRAWBERRIES","STRAWBERRIES, ORGANIC - ACRES HARVESTED","ORGANIC STATUS","ORGANIC STATUS: (NOP USDA CERTIFIED)","27",""
"CENSUS",2011,"YEAR",NA,"STATE","NEW YORK",36,NA,NA,NA,NA,NA,NA,0,NA,"STRAWBERRIES","STRAWBERRIES, ORGANIC - OPERATIONS WITH AREA HARVESTED","ORGANIC STATUS","ORGANIC STATUS: (NOP USDA CERTIFIED)","21",""
"CENSUS",2011,"YEAR",NA,"STATE","NEW YORK",36,NA,NA,NA,NA,NA,NA,0,NA,"STRAWBERRIES","STRAWBERRIES, ORGANIC - OPERATIONS WITH SALES","ORGANIC STATUS","ORGANIC STATUS: (NOP USDA CERTIFIED)","20",""
"CENSUS",2011,"YEAR",NA,"STATE","NEW YORK",36,NA,NA,NA,NA,NA,NA,0,NA,"STRAWBERRIES","STRAWBERRIES, ORGANIC - OPERATIONS WITH SALES IN CONVENTIONAL MARKETS","ORGANIC STATUS","ORGANIC STATUS: (NOP USDA CERTIFIED)","2",""
"CENSUS",2011,"YEAR",NA,"STATE","NEW YORK",36,NA,NA,NA,NA,NA,NA,0,NA,"STRAWBERRIES","STRAWBERRIES, ORGANIC - OPERATIONS WITH SALES IN ORGANIC MARKETS","ORGANIC STATUS","ORGANIC STATUS: (NOP USDA CERTIFIED)","20",""
"CENSUS",2011,"YEAR",NA,"STATE","NEW YORK",36,NA,NA,NA,NA,NA,NA,0,NA,"STRAWBERRIES","STRAWBERRIES, ORGANIC - PRODUCTION, MEASURED IN CWT","ORGANIC STATUS","ORGANIC STATUS: (NOP USDA CERTIFIED)","1,346",""
"CENSUS",2011,"YEAR",NA,"STATE","NEW YORK",36,NA,NA,NA,NA,NA,NA,0,NA,"STRAWBERRIES","STRAWBERRIES, ORGANIC - SALES IN CONVENTIONAL MARKETS, MEASURED IN $","ORGANIC STATUS","ORGANIC STATUS: (NOP USDA CERTIFIED)"," (D)",""
"CENSUS",2011,"YEAR",NA,"STATE","NEW YORK",36,NA,NA,NA,NA,NA,NA,0,NA,"STRAWBERRIES","STRAWBERRIES, ORGANIC - SALES IN CONVENTIONAL MARKETS, MEASURED IN CWT","ORGANIC STATUS","ORGANIC STATUS: (NOP USDA CERTIFIED)"," (D)",""
"CENSUS",2011,"YEAR",NA,"STATE","NEW YORK",36,NA,NA,NA,NA,NA,NA,0,NA,"STRAWBERRIES","STRAWBERRIES, ORGANIC - SALES IN ORGANIC MARKETS, MEASURED IN $","ORGANIC STATUS","ORGANIC STATUS: (NOP USDA CERTIFIED)"," (D)",""
"CENSUS",2011,"YEAR",NA,"STATE","NEW YORK",36,NA,NA,NA,NA,NA,NA,0,NA,"STRAWBERRIES","STRAWBERRIES, ORGANIC - SALES IN ORGANIC MARKETS, MEASURED IN CWT","ORGANIC STATUS","ORGANIC STATUS: (NOP USDA CERTIFIED)"," (D)",""
"CENSUS",2011,"YEAR",NA,"STATE","NEW YORK",36,NA,NA,NA,NA,NA,NA,0,NA,"STRAWBERRIES","STRAWBERRIES, ORGANIC - SALES, MEASURED IN $","ORGANIC STATUS","ORGANIC STATUS: (NOP USDA CERTIFIED)","332,835",""
"CENSUS",2011,"YEAR",NA,"STATE","NEW YORK",36,NA,NA,NA,NA,NA,NA,0,NA,"STRAWBERRIES","STRAWBERRIES, ORGANIC - SALES, MEASURED IN CWT","ORGANIC STATUS","ORGANIC STATUS: (NOP USDA CERTIFIED)","1,282",""
"CENSUS",2011,"YEAR",NA,"STATE","NORTH CAROLINA",37,NA,NA,NA,NA,NA,NA,0,NA,"STRAWBERRIES","STRAWBERRIES, ORGANIC - ACRES HARVESTED","ORGANIC STATUS","ORGANIC STATUS: (NOP USDA CERTIFIED)","4",""
"CENSUS",2011,"YEAR",NA,"STATE","NORTH CAROLINA",37,NA,NA,NA,NA,NA,NA,0,NA,"STRAWBERRIES","STRAWBERRIES, ORGANIC - OPERATIONS WITH AREA HARVESTED","ORGANIC STATUS","ORGANIC STATUS: (NOP USDA CERTIFIED)","5",""
"CENSUS",2011,"YEAR",NA,"STATE","NORTH CAROLINA",37,NA,NA,NA,NA,NA,NA,0,NA,"STRAWBERRIES","STRAWBERRIES, ORGANIC - OPERATIONS WITH SALES","ORGANIC STATUS","ORGANIC STATUS: (NOP USDA CERTIFIED)","5",""
"CENSUS",2011,"YEAR",NA,"STATE","NORTH CAROLINA",37,NA,NA,NA,NA,NA,NA,0,NA,"STRAWBERRIES","STRAWBERRIES, ORGANIC - OPERATIONS WITH SALES IN ORGANIC MARKETS","ORGANIC STATUS","ORGANIC STATUS: (NOP USDA CERTIFIED)","5",""
"CENSUS",2011,"YEAR",NA,"STATE","NORTH CAROLINA",37,NA,NA,NA,NA,NA,NA,0,NA,"STRAWBERRIES","STRAWBERRIES, ORGANIC - PRODUCTION, MEASURED IN CWT","ORGANIC STATUS","ORGANIC STATUS: (NOP USDA CERTIFIED)","339",""
"CENSUS",2011,"YEAR",NA,"STATE","NORTH CAROLINA",37,NA,NA,NA,NA,NA,NA,0,NA,"STRAWBERRIES","STRAWBERRIES, ORGANIC - SALES IN ORGANIC MARKETS, MEASURED IN $","ORGANIC STATUS","ORGANIC STATUS: (NOP USDA CERTIFIED)","68,682",""
"CENSUS",2011,"YEAR",NA,"STATE","NORTH CAROLINA",37,NA,NA,NA,NA,NA,NA,0,NA,"STRAWBERRIES","STRAWBERRIES, ORGANIC - SALES IN ORGANIC MARKETS, MEASURED IN CWT","ORGANIC STATUS","ORGANIC STATUS: (NOP USDA CERTIFIED)","339",""
"CENSUS",2011,"YEAR",NA,"STATE","NORTH CAROLINA",37,NA,NA,NA,NA,NA,NA,0,NA,"STRAWBERRIES","STRAWBERRIES, ORGANIC - SALES, MEASURED IN $","ORGANIC STATUS","ORGANIC STATUS: (NOP USDA CERTIFIED)","68,682",""
"CENSUS",2011,"YEAR",NA,"STATE","NORTH CAROLINA",37,NA,NA,NA,NA,NA,NA,0,NA,"STRAWBERRIES","STRAWBERRIES, ORGANIC - SALES, MEASURED IN CWT","ORGANIC STATUS","ORGANIC STATUS: (NOP USDA CERTIFIED)","339",""
"CENSUS",2011,"YEAR",NA,"STATE","OREGON",41,NA,NA,NA,NA,NA,NA,0,NA,"STRAWBERRIES","STRAWBERRIES, ORGANIC - ACRES HARVESTED","ORGANIC STATUS","ORGANIC STATUS: (NOP USDA CERTIFIED)","12",""
"CENSUS",2011,"YEAR",NA,"STATE","OREGON",41,NA,NA,NA,NA,NA,NA,0,NA,"STRAWBERRIES","STRAWBERRIES, ORGANIC - OPERATIONS WITH AREA HARVESTED","ORGANIC STATUS","ORGANIC STATUS: (NOP USDA CERTIFIED)","20",""
"CENSUS",2011,"YEAR",NA,"STATE","OREGON",41,NA,NA,NA,NA,NA,NA,0,NA,"STRAWBERRIES","STRAWBERRIES, ORGANIC - OPERATIONS WITH SALES","ORGANIC STATUS","ORGANIC STATUS: (NOP USDA CERTIFIED)","20",""
"CENSUS",2011,"YEAR",NA,"STATE","OREGON",41,NA,NA,NA,NA,NA,NA,0,NA,"STRAWBERRIES","STRAWBERRIES, ORGANIC - OPERATIONS WITH SALES IN ORGANIC MARKETS","ORGANIC STATUS","ORGANIC STATUS: (NOP USDA CERTIFIED)","20",""
"CENSUS",2011,"YEAR",NA,"STATE","OREGON",41,NA,NA,NA,NA,NA,NA,0,NA,"STRAWBERRIES","STRAWBERRIES, ORGANIC - PRODUCTION, MEASURED IN CWT","ORGANIC STATUS","ORGANIC STATUS: (NOP USDA CERTIFIED)","867",""
"CENSUS",2011,"YEAR",NA,"STATE","OREGON",41,NA,NA,NA,NA,NA,NA,0,NA,"STRAWBERRIES","STRAWBERRIES, ORGANIC - SALES IN ORGANIC MARKETS, MEASURED IN $","ORGANIC STATUS","ORGANIC STATUS: (NOP USDA CERTIFIED)","135,899",""
"CENSUS",2011,"YEAR",NA,"STATE","OREGON",41,NA,NA,NA,NA,NA,NA,0,NA,"STRAWBERRIES","STRAWBERRIES, ORGANIC - SALES IN ORGANIC MARKETS, MEASURED IN CWT","ORGANIC STATUS","ORGANIC STATUS: (NOP USDA CERTIFIED)","605",""
"CENSUS",2011,"YEAR",NA,"STATE","OREGON",41,NA,NA,NA,NA,NA,NA,0,NA,"STRAWBERRIES","STRAWBERRIES, ORGANIC - SALES, MEASURED IN $","ORGANIC STATUS","ORGANIC STATUS: (NOP USDA CERTIFIED)","135,899",""
"CENSUS",2011,"YEAR",NA,"STATE","OREGON",41,NA,NA,NA,NA,NA,NA,0,NA,"STRAWBERRIES","STRAWBERRIES, ORGANIC - SALES, MEASURED IN CWT","ORGANIC STATUS","ORGANIC STATUS: (NOP USDA CERTIFIED)","605",""
"CENSUS",2011,"YEAR",NA,"STATE","WASHINGTON",53,NA,NA,NA,NA,NA,NA,0,NA,"STRAWBERRIES","STRAWBERRIES, ORGANIC - ACRES HARVESTED","ORGANIC STATUS","ORGANIC STATUS: (NOP USDA CERTIFIED)","29",""
"CENSUS",2011,"YEAR",NA,"STATE","WASHINGTON",53,NA,NA,NA,NA,NA,NA,0,NA,"STRAWBERRIES","STRAWBERRIES, ORGANIC - OPERATIONS WITH AREA HARVESTED","ORGANIC STATUS","ORGANIC STATUS: (NOP USDA CERTIFIED)","28",""
"CENSUS",2011,"YEAR",NA,"STATE","WASHINGTON",53,NA,NA,NA,NA,NA,NA,0,NA,"STRAWBERRIES","STRAWBERRIES, ORGANIC - OPERATIONS WITH SALES","ORGANIC STATUS","ORGANIC STATUS: (NOP USDA CERTIFIED)","26",""
"CENSUS",2011,"YEAR",NA,"STATE","WASHINGTON",53,NA,NA,NA,NA,NA,NA,0,NA,"STRAWBERRIES","STRAWBERRIES, ORGANIC - OPERATIONS WITH SALES IN ORGANIC MARKETS","ORGANIC STATUS","ORGANIC STATUS: (NOP USDA CERTIFIED)","26",""
"CENSUS",2011,"YEAR",NA,"STATE","WASHINGTON",53,NA,NA,NA,NA,NA,NA,0,NA,"STRAWBERRIES","STRAWBERRIES, ORGANIC - PRODUCTION, MEASURED IN CWT","ORGANIC STATUS","ORGANIC STATUS: (NOP USDA CERTIFIED)","1,139",""
"CENSUS",2011,"YEAR",NA,"STATE","WASHINGTON",53,NA,NA,NA,NA,NA,NA,0,NA,"STRAWBERRIES","STRAWBERRIES, ORGANIC - SALES IN ORGANIC MARKETS, MEASURED IN $","ORGANIC STATUS","ORGANIC STATUS: (NOP USDA CERTIFIED)","296,598",""
"CENSUS",2011,"YEAR",NA,"STATE","WASHINGTON",53,NA,NA,NA,NA,NA,NA,0,NA,"STRAWBERRIES","STRAWBERRIES, ORGANIC - SALES IN ORGANIC MARKETS, MEASURED IN CWT","ORGANIC STATUS","ORGANIC STATUS: (NOP USDA CERTIFIED)","1,096",""
"CENSUS",2011,"YEAR",NA,"STATE","WASHINGTON",53,NA,NA,NA,NA,NA,NA,0,NA,"STRAWBERRIES","STRAWBERRIES, ORGANIC - SALES, MEASURED IN $","ORGANIC STATUS","ORGANIC STATUS: (NOP USDA CERTIFIED)","296,598",""
"CENSUS",2011,"YEAR",NA,"STATE","WASHINGTON",53,NA,NA,NA,NA,NA,NA,0,NA,"STRAWBERRIES","STRAWBERRIES, ORGANIC - SALES, MEASURED IN CWT","ORGANIC STATUS","ORGANIC STATUS: (NOP USDA CERTIFIED)","1,096",""
"CENSUS",2008,"YEAR",NA,"STATE","CALIFORNIA",6,NA,NA,NA,NA,NA,NA,0,NA,"STRAWBERRIES","STRAWBERRIES, ORGANIC - ACRES HARVESTED","ORGANIC STATUS","ORGANIC STATUS: (NOP USDA CERTIFIED)","1,167",""
"CENSUS",2008,"YEAR",NA,"STATE","CALIFORNIA",6,NA,NA,NA,NA,NA,NA,0,NA,"STRAWBERRIES","STRAWBERRIES, ORGANIC - OPERATIONS WITH AREA HARVESTED","ORGANIC STATUS","ORGANIC STATUS: (NOP USDA CERTIFIED)","100",""
"CENSUS",2008,"YEAR",NA,"STATE","CALIFORNIA",6,NA,NA,NA,NA,NA,NA,0,NA,"STRAWBERRIES","STRAWBERRIES, ORGANIC - OPERATIONS WITH SALES","ORGANIC STATUS","ORGANIC STATUS: (NOP USDA CERTIFIED)","98",""
"CENSUS",2008,"YEAR",NA,"STATE","CALIFORNIA",6,NA,NA,NA,NA,NA,NA,0,NA,"STRAWBERRIES","STRAWBERRIES, ORGANIC - PRODUCTION, MEASURED IN CWT","ORGANIC STATUS","ORGANIC STATUS: (NOP USDA CERTIFIED)","403,563",""
"CENSUS",2008,"YEAR",NA,"STATE","CALIFORNIA",6,NA,NA,NA,NA,NA,NA,0,NA,"STRAWBERRIES","STRAWBERRIES, ORGANIC - SALES, MEASURED IN $","ORGANIC STATUS","ORGANIC STATUS: (NOP USDA CERTIFIED)","40,052,591",""
"CENSUS",2008,"YEAR",NA,"STATE","FLORIDA",12,NA,NA,NA,NA,NA,NA,0,NA,"STRAWBERRIES","STRAWBERRIES, ORGANIC - ACRES HARVESTED","ORGANIC STATUS","ORGANIC STATUS: (NOP USDA CERTIFIED)"," (D)",""
"CENSUS",2008,"YEAR",NA,"STATE","FLORIDA",12,NA,NA,NA,NA,NA,NA,0,NA,"STRAWBERRIES","STRAWBERRIES, ORGANIC - OPERATIONS WITH AREA HARVESTED","ORGANIC STATUS","ORGANIC STATUS: (NOP USDA CERTIFIED)","8",""
"CENSUS",2008,"YEAR",NA,"STATE","FLORIDA",12,NA,NA,NA,NA,NA,NA,0,NA,"STRAWBERRIES","STRAWBERRIES, ORGANIC - OPERATIONS WITH SALES","ORGANIC STATUS","ORGANIC STATUS: (NOP USDA CERTIFIED)","8",""
"CENSUS",2008,"YEAR",NA,"STATE","FLORIDA",12,NA,NA,NA,NA,NA,NA,0,NA,"STRAWBERRIES","STRAWBERRIES, ORGANIC - PRODUCTION, MEASURED IN CWT","ORGANIC STATUS","ORGANIC STATUS: (NOP USDA CERTIFIED)"," (D)",""
"CENSUS",2008,"YEAR",NA,"STATE","FLORIDA",12,NA,NA,NA,NA,NA,NA,0,NA,"STRAWBERRIES","STRAWBERRIES, ORGANIC - SALES, MEASURED IN $","ORGANIC STATUS","ORGANIC STATUS: (NOP USDA CERTIFIED)"," (D)",""
"CENSUS",2008,"YEAR",NA,"STATE","NEW YORK",36,NA,NA,NA,NA,NA,NA,0,NA,"STRAWBERRIES","STRAWBERRIES, ORGANIC - ACRES HARVESTED","ORGANIC STATUS","ORGANIC STATUS: (NOP USDA CERTIFIED)","47",""
"CENSUS",2008,"YEAR",NA,"STATE","NEW YORK",36,NA,NA,NA,NA,NA,NA,0,NA,"STRAWBERRIES","STRAWBERRIES, ORGANIC - OPERATIONS WITH AREA HARVESTED","ORGANIC STATUS","ORGANIC STATUS: (NOP USDA CERTIFIED)","24",""
"CENSUS",2008,"YEAR",NA,"STATE","NEW YORK",36,NA,NA,NA,NA,NA,NA,0,NA,"STRAWBERRIES","STRAWBERRIES, ORGANIC - OPERATIONS WITH SALES","ORGANIC STATUS","ORGANIC STATUS: (NOP USDA CERTIFIED)","24",""
"CENSUS",2008,"YEAR",NA,"STATE","NEW YORK",36,NA,NA,NA,NA,NA,NA,0,NA,"STRAWBERRIES","STRAWBERRIES, ORGANIC - PRODUCTION, MEASURED IN CWT","ORGANIC STATUS","ORGANIC STATUS: (NOP USDA CERTIFIED)","1,167",""
"CENSUS",2008,"YEAR",NA,"STATE","NEW YORK",36,NA,NA,NA,NA,NA,NA,0,NA,"STRAWBERRIES","STRAWBERRIES, ORGANIC - SALES, MEASURED IN $","ORGANIC STATUS","ORGANIC STATUS: (NOP USDA CERTIFIED)","263,342",""
"CENSUS",2008,"YEAR",NA,"STATE","NORTH CAROLINA",37,NA,NA,NA,NA,NA,NA,0,NA,"STRAWBERRIES","STRAWBERRIES, ORGANIC - ACRES HARVESTED","ORGANIC STATUS","ORGANIC STATUS: (NOP USDA CERTIFIED)","18",""
"CENSUS",2008,"YEAR",NA,"STATE","NORTH CAROLINA",37,NA,NA,NA,NA,NA,NA,0,NA,"STRAWBERRIES","STRAWBERRIES, ORGANIC - OPERATIONS WITH AREA HARVESTED","ORGANIC STATUS","ORGANIC STATUS: (NOP USDA CERTIFIED)","14",""
"CENSUS",2008,"YEAR",NA,"STATE","NORTH CAROLINA",37,NA,NA,NA,NA,NA,NA,0,NA,"STRAWBERRIES","STRAWBERRIES, ORGANIC - OPERATIONS WITH SALES","ORGANIC STATUS","ORGANIC STATUS: (NOP USDA CERTIFIED)","14",""
"CENSUS",2008,"YEAR",NA,"STATE","NORTH CAROLINA",37,NA,NA,NA,NA,NA,NA,0,NA,"STRAWBERRIES","STRAWBERRIES, ORGANIC - PRODUCTION, MEASURED IN CWT","ORGANIC STATUS","ORGANIC STATUS: (NOP USDA CERTIFIED)","1,394",""
"CENSUS",2008,"YEAR",NA,"STATE","NORTH CAROLINA",37,NA,NA,NA,NA,NA,NA,0,NA,"STRAWBERRIES","STRAWBERRIES, ORGANIC - SALES, MEASURED IN $","ORGANIC STATUS","ORGANIC STATUS: (NOP USDA CERTIFIED)","265,813",""
"CENSUS",2008,"YEAR",NA,"STATE","OREGON",41,NA,NA,NA,NA,NA,NA,0,NA,"STRAWBERRIES","STRAWBERRIES, ORGANIC - ACRES HARVESTED","ORGANIC STATUS","ORGANIC STATUS: (NOP USDA CERTIFIED)","17",""
"CENSUS",2008,"YEAR",NA,"STATE","OREGON",41,NA,NA,NA,NA,NA,NA,0,NA,"STRAWBERRIES","STRAWBERRIES, ORGANIC - OPERATIONS WITH AREA HARVESTED","ORGANIC STATUS","ORGANIC STATUS: (NOP USDA CERTIFIED)","27",""
"CENSUS",2008,"YEAR",NA,"STATE","OREGON",41,NA,NA,NA,NA,NA,NA,0,NA,"STRAWBERRIES","STRAWBERRIES, ORGANIC - OPERATIONS WITH SALES","ORGANIC STATUS","ORGANIC STATUS: (NOP USDA CERTIFIED)","27",""
"CENSUS",2008,"YEAR",NA,"STATE","OREGON",41,NA,NA,NA,NA,NA,NA,0,NA,"STRAWBERRIES","STRAWBERRIES, ORGANIC - PRODUCTION, MEASURED IN CWT","ORGANIC STATUS","ORGANIC STATUS: (NOP USDA CERTIFIED)","1,287",""
"CENSUS",2008,"YEAR",NA,"STATE","OREGON",41,NA,NA,NA,NA,NA,NA,0,NA,"STRAWBERRIES","STRAWBERRIES, ORGANIC - SALES, MEASURED IN $","ORGANIC STATUS","ORGANIC STATUS: (NOP USDA CERTIFIED)"," (D)",""
"CENSUS",2008,"YEAR",NA,"STATE","WASHINGTON",53,NA,NA,NA,NA,NA,NA,0,NA,"STRAWBERRIES","STRAWBERRIES, ORGANIC - ACRES HARVESTED","ORGANIC STATUS","ORGANIC STATUS: (NOP USDA CERTIFIED)","48",""
"CENSUS",2008,"YEAR",NA,"STATE","WASHINGTON",53,NA,NA,NA,NA,NA,NA,0,NA,"STRAWBERRIES","STRAWBERRIES, ORGANIC - OPERATIONS WITH AREA HARVESTED","ORGANIC STATUS","ORGANIC STATUS: (NOP USDA CERTIFIED)","43",""
"CENSUS",2008,"YEAR",NA,"STATE","WASHINGTON",53,NA,NA,NA,NA,NA,NA,0,NA,"STRAWBERRIES","STRAWBERRIES, ORGANIC - OPERATIONS WITH SALES","ORGANIC STATUS","ORGANIC STATUS: (NOP USDA CERTIFIED)","43",""
"CENSUS",2008,"YEAR",NA,"STATE","WASHINGTON",53,NA,NA,NA,NA,NA,NA,0,NA,"STRAWBERRIES","STRAWBERRIES, ORGANIC - PRODUCTION, MEASURED IN CWT","ORGANIC STATUS","ORGANIC STATUS: (NOP USDA CERTIFIED)","812",""
"CENSUS",2008,"YEAR",NA,"STATE","WASHINGTON",53,NA,NA,NA,NA,NA,NA,0,NA,"STRAWBERRIES","STRAWBERRIES, ORGANIC - SALES, MEASURED IN $","ORGANIC STATUS","ORGANIC STATUS: (NOP USDA CERTIFIED)","281,981",""
